{
  "parent": "item/generated",
  "textures": {
    "layer0": "item/amethyst_shard"
  },
  "overrides": [
	{
      "predicate": {
        "custom_model_data": 1
      },
      "model": "item/amethyst_shard/1"
    },
	{
      "predicate": {
        "custom_model_data": 2
      },
      "model": "item/amethyst_shard/2"
    },
	{
      "predicate": {
        "custom_model_data": 3
      },
      "model": "item/amethyst_shard/3"
    },
	{
      "predicate": {
        "custom_model_data": 4
      },
      "model": "item/amethyst_shard/4"
    },
	{
      "predicate": {
        "custom_model_data": 5
      },
      "model": "item/amethyst_shard/5"
    },
	{
      "predicate": {
        "custom_model_data": 6
      },
      "model": "item/amethyst_shard/6"
    },
	{
      "predicate": {
        "custom_model_data": 7
      },
      "model": "item/amethyst_shard/7"
    },
	{
      "predicate": {
        "custom_model_data": 8
      },
      "model": "item/amethyst_shard/8"
    },
	{
      "predicate": {
        "custom_model_data": 9
      },
      "model": "item/amethyst_shard/9"
    }
  ]
}