{
  "parent": "item/generated",
  "textures": {
    "layer0": "item/arrow"
  },
  "overrides": [
    {
      "predicate": {
        "custom_model_data": 1
      },
      "model": "item/arrow/arrow_left_box_icon"
    },
    {
      "predicate": {
        "custom_model_data": 2
      },
      "model": "item/arrow/arrow_right_box_icon"
    },
    {
      "predicate": {
        "custom_model_data": 3
      },
      "model": "item/arrow/arrow_up_box_icon"
    },
    {
      "predicate": {
        "custom_model_data": 4
      },
      "model": "item/arrow/arrow_right_down_icon"
    },
    {
      "predicate": {
        "custom_model_data": 5
      },
      "model": "item/arrow/check_box_icon"
    },
    {
      "predicate": {
        "custom_model_data": 6
      },
      "model": "item/arrow/cancel_box_icon"
    },
    {
      "predicate": {
        "custom_model_data": 7
      },
      "model": "item/arrow/question_box_icon"
    },
    {
      "predicate": {
        "custom_model_data": 8
      },
      "model": "item/arrow/right_box_icon"
    }
  ]
}
