{
  "parent": "item/generated",
  "textures": {
    "layer0": "item/flint"
  },
  "overrides": [
    {
      "predicate": {
        "custom_model_data": 1
      },
      "model": "item/flint/1"
    },
    {
      "predicate": {
        "custom_model_data": 2
      },
      "model": "item/flint/2"
    },
    {
      "predicate": {
        "custom_model_data": 3
      },
      "model": "item/flint/3"
    },
    {
      "predicate": {
        "custom_model_data": 4
      },
      "model": "item/flint/4"
    },
    {
      "predicate": {
        "custom_model_data": 5
      },
      "model": "item/flint/5"
    },
    {
      "predicate": {
        "custom_model_data": 6
      },
      "model": "item/flint/6"
    },
    {
      "predicate": {
        "custom_model_data": 7
      },
      "model": "item/flint/7"
    },
    {
      "predicate": {
        "custom_model_data": 8
      },
      "model": "item/flint/8"
    },
    {
      "predicate": {
        "custom_model_data": 9
      },
      "model": "item/flint/9"
    },
    {
      "predicate": {
        "custom_model_data": 10
      },
      "model": "item/flint/10"
    }
  ]
}
