{
  "parent": "item/generated",
  "textures": {
    "layer0": "item/glass_bottle"
  },
  "overrides": [
	{
      "predicate": {
        "custom_model_data": 1
      },
      "model": "item/glass_bottle/1"
    },
	{
      "predicate": {
        "custom_model_data": 2
      },
      "model": "item/glass_bottle/2"
    },
	{
      "predicate": {
        "custom_model_data": 3
      },
      "model": "item/glass_bottle/3"
    },
	{
      "predicate": {
        "custom_model_data": 4
      },
      "model": "item/glass_bottle/4"
    },
	{
      "predicate": {
        "custom_model_data": 5
      },
      "model": "item/glass_bottle/5"
    },
	{
      "predicate": {
        "custom_model_data": 6
      },
      "model": "item/glass_bottle/6"
    }
  ]
}