{
  "parent": "item/generated",
  "textures": {
    "layer0": "item/golden_carrot"
  },
  "overrides": [
    {
      "predicate": {
        "custom_model_data": 1
      },
      "model": "item/golden_carrot/money_candy"
    },
    {
      "predicate": {
        "custom_model_data": 2
      },
      "model": "item/golden_carrot/tokens_candy"
    },
    {
      "predicate": {
        "custom_model_data": 3
      },
      "model": "item/golden_carrot/pearls_candy"
    },
    {
      "predicate": {
        "custom_model_data": 4
      },
      "model": "item/golden_carrot/exp_candy"
    },
    {
      "predicate": {
        "custom_model_data": 5
      },
      "model": "item/golden_carrot/gens_candy"
    },
    {
      "predicate": {
        "custom_model_data": 6
      },
      "model": "item/golden_carrot/enchants_candy"
    }
  ]
}
