{
  "parent": "item/generated",
  "textures": {
    "layer0": "item/netherite_pickaxe"
  },
  "overrides": [
    {
      "predicate": {
        "custom_model_data": 1
      },
      "model": "item/netherite_pickaxe/1"
    },
    {
      "predicate": {
        "custom_model_data": 2
      },
      "model": "item/netherite_pickaxe/2"
    },
    {
      "predicate": {
        "custom_model_data": 3
      },
      "model": "item/netherite_pickaxe/3"
    },
    {
      "predicate": {
        "custom_model_data": 4
      },
      "model": "item/netherite_pickaxe/4"
    },
    {
      "predicate": {
        "custom_model_data": 5
      },
      "model": "item/netherite_pickaxe/5"
    },
    {
      "predicate": {
        "custom_model_data": 6
      },
      "model": "item/netherite_pickaxe/6"
    },
    {
      "predicate": {
        "custom_model_data": 7
      },
      "model": "item/netherite_pickaxe/7"
    }
  ]
}
