{
  "parent": "item/generated",
  "textures": {
    "layer0": "item/nether_wart"
  },
  "overrides": [
    {
      "predicate": {
        "custom_model_data": 1
      },
      "model": "item/nether_wart/1"
    },
    {
      "predicate": {
        "custom_model_data": 2
      },
      "model": "item/nether_wart/2"
    },
    {
      "predicate": {
        "custom_model_data": 3
      },
      "model": "item/nether_wart/3"
    },
    {
      "predicate": {
        "custom_model_data": 4
      },
      "model": "item/nether_wart/4"
    },
    {
      "predicate": {
        "custom_model_data": 5
      },
      "model": "item/nether_wart/5"
    },
    {
      "predicate": {
        "custom_model_data": 6
      },
      "model": "item/nether_wart/6"
    },
    {
      "predicate": {
        "custom_model_data": 7
      },
      "model": "item/nether_wart/7"
    },
    {
      "predicate": {
        "custom_model_data": 8
      },
      "model": "item/nether_wart/8"
    },
    {
      "predicate": {
        "custom_model_data": 9
      },
      "model": "item/nether_wart/9"
    },
    {
      "predicate": {
        "custom_model_data": 10
      },
      "model": "item/nether_wart/10"
    },
    {
      "predicate": {
        "custom_model_data": 11
      },
      "model": "item/nether_wart/11"
    },
    {
      "predicate": {
        "custom_model_data": 12
      },
      "model": "item/nether_wart/12"
    },
    {
      "predicate": {
        "custom_model_data": 13
      },
      "model": "item/nether_wart/13"
    },
    {
      "predicate": {
        "custom_model_data": 14
      },
      "model": "item/nether_wart/14"
    }
  ]
}
