{
  "parent": "item/generated",
  "textures": {
    "layer0": "item/netherite_hoe"
  },
  "overrides": [
    {
      "predicate": {
        "custom_model_data": 1
      },
      "model": "item/netherite_hoe/1"
    },
    {
      "predicate": {
        "custom_model_data": 2
      },
      "model": "item/netherite_hoe/2"
    },
    {
      "predicate": {
        "custom_model_data": 3
      },
      "model": "item/netherite_hoe/3"
    },
    {
      "predicate": {
        "custom_model_data": 4
      },
      "model": "item/netherite_hoe/4"
    },
    {
      "predicate": {
        "custom_model_data": 5
      },
      "model": "item/netherite_hoe/5"
    },
    {
      "predicate": {
        "custom_model_data": 6
      },
      "model": "item/netherite_hoe/6"
    },
    {
      "predicate": {
        "custom_model_data": 7
      },
      "model": "item/netherite_hoe/7"
    },
    {
      "predicate": {
        "custom_model_data": 8
      },
      "model": "item/netherite_hoe/8"
    }
  ]
}
