{
	"credit": "www.sebxter.pl",
	"texture_size": [64, 64],
	"textures": {
		"5": "item/flint/1"
	},
	"elements": [
		{
			"from": [1.00125, 4.4105, 2.0125],
			"to": [2.98125, 5.9105, 14.0125],
			"rotation": {"angle": 22.5, "axis": "z", "origin": [1.50125, 5.4105, 1.5125]},
			"faces": {
				"north": {"uv": [9.75, 1.75, 10.25, 2.25], "texture": "#5"},
				"east": {"uv": [1, 9, 4, 9.5], "texture": "#5"},
				"south": {"uv": [2.5, 10, 3, 10.5], "texture": "#5"},
				"west": {"uv": [4, 9, 7, 9.5], "texture": "#5"},
				"up": {"uv": [7.5, 12, 7, 9], "texture": "#5"},
				"down": {"uv": [1.5, 9.5, 1, 12.5], "texture": "#5"}
			}
		},
		{
			"from": [13.01875, 4.4105, 2.0125],
			"to": [14.99875, 5.9105, 14.0125],
			"rotation": {"angle": -22.5, "axis": "z", "origin": [14.49875, 5.4105, 1.5125]},
			"faces": {
				"north": {"uv": [9.75, 0.75, 10.25, 1.25], "texture": "#5"},
				"east": {"uv": [8.75, 7.75, 11.75, 8.25], "texture": "#5"},
				"south": {"uv": [9.75, 1.25, 10.25, 1.75], "texture": "#5"},
				"west": {"uv": [8.75, 8.25, 11.75, 8.75], "texture": "#5"},
				"up": {"uv": [0.5, 12, 0, 9], "texture": "#5"},
				"down": {"uv": [1, 9, 0.5, 12], "texture": "#5"}
			}
		},
		{
			"from": [2.67, 4.9355, 2.0125],
			"to": [13.325, 6.4355, 14.0125],
			"rotation": {"angle": 0, "axis": "y", "origin": [10.70125, 13.4355, 9.0125]},
			"faces": {
				"north": {"uv": [1.5, 9.5, 4.25, 10], "texture": "#5"},
				"east": {"uv": [7.75, 7.25, 10.75, 7.75], "texture": "#5"},
				"south": {"uv": [4.25, 9.5, 7, 10], "texture": "#5"},
				"west": {"uv": [8.75, 6.75, 11.75, 7.25], "texture": "#5"},
				"up": {"uv": [2.75, 3, 0, 0], "texture": "#5"},
				"down": {"uv": [5.5, 2.75, 2.75, 5.75], "texture": "#5"}
			}
		},
		{
			"from": [3.50125, 6.4105, 3.5125],
			"to": [12.50125, 17.4105, 12.5125],
			"rotation": {"angle": 0, "axis": "y", "origin": [8.00125, 6.9105, 8.0125]},
			"faces": {
				"north": {"uv": [5.25, 0, 7.5, 2.75], "texture": "#5"},
				"east": {"uv": [0, 5.5, 2.25, 8.25], "texture": "#5"},
				"south": {"uv": [5.5, 5.5, 7.75, 8.25], "texture": "#5"},
				"west": {"uv": [5.5, 2.75, 7.75, 5.5], "texture": "#5"},
				"up": {"uv": [4.5, 8, 2.25, 5.75], "texture": "#5"},
				"down": {"uv": [9.75, 0, 7.5, 2.25], "texture": "#5"}
			}
		},
		{
			"from": [3.23125, 7.5555, 3.2425],
			"to": [12.77125, 10.0555, 12.7825],
			"rotation": {"angle": 0, "axis": "y", "origin": [8.00125, 9.4105, 8.0125]},
			"faces": {
				"north": {"uv": [0, 8.25, 2.5, 9], "texture": "#5"},
				"east": {"uv": [2.5, 8.25, 5, 9], "texture": "#5"},
				"south": {"uv": [5, 8.25, 7.5, 9], "texture": "#5"},
				"west": {"uv": [8.75, 8.75, 11.25, 9.5], "texture": "#5"},
				"up": {"uv": [5.25, 2.5, 2.75, 0], "texture": "#5"},
				"down": {"uv": [2.5, 3, 0, 5.5], "texture": "#5"}
			}
		},
		{
			"from": [9.48125, 7.3055, 3.0925],
			"to": [10.02125, 10.3055, 12.9325],
			"rotation": {"angle": 0, "axis": "y", "origin": [8.25125, 9.4105, 8.0125]},
			"faces": {
				"north": {"uv": [3, 10, 3.25, 10.75], "texture": "#5"},
				"east": {"uv": [8.75, 2.25, 11.25, 3], "texture": "#5"},
				"south": {"uv": [3.25, 10, 3.5, 10.75], "texture": "#5"},
				"west": {"uv": [8.75, 3, 11.25, 3.75], "texture": "#5"},
				"up": {"uv": [2.75, 5.5, 2.5, 3], "texture": "#5"},
				"down": {"uv": [7.75, 8.25, 7.5, 10.75], "texture": "#5"}
			}
		},
		{
			"from": [5.98125, 10.3055, 3.0925],
			"to": [10.02125, 10.8455, 12.9325],
			"rotation": {"angle": 0, "axis": "y", "origin": [8.25125, 12.4105, 8.0125]},
			"faces": {
				"north": {"uv": [2.25, 8, 3.25, 8.25], "texture": "#5"},
				"east": {"uv": [2.75, 2.5, 5.25, 2.75], "texture": "#5"},
				"south": {"uv": [3.25, 8, 4.25, 8.25], "texture": "#5"},
				"west": {"uv": [8.75, 9.5, 11.25, 9.75], "texture": "#5"},
				"up": {"uv": [5.5, 8.25, 4.5, 5.75], "texture": "#5"},
				"down": {"uv": [8.75, 7.75, 7.75, 10.25], "texture": "#5"}
			}
		},
		{
			"from": [5.98125, 6.765, 3.0925],
			"to": [10.02125, 7.305, 12.9325],
			"rotation": {"angle": 0, "axis": "y", "origin": [8.25125, 8.9105, 8.0125]},
			"faces": {
				"north": {"uv": [9.75, 0.25, 10.75, 0.5], "texture": "#5"},
				"east": {"uv": [8.75, 9.75, 11.25, 10], "texture": "#5"},
				"south": {"uv": [9.75, 0.5, 10.75, 0.75], "texture": "#5"},
				"west": {"uv": [9.75, 0, 12.25, 0.25], "texture": "#5"},
				"up": {"uv": [8.75, 4.75, 7.75, 2.25], "texture": "#5"},
				"down": {"uv": [8.75, 4.75, 7.75, 7.25], "texture": "#5"}
			}
		},
		{
			"from": [5.98125, 7.3055, 3.0925],
			"to": [6.52125, 10.3055, 12.9325],
			"rotation": {"angle": 0, "axis": "y", "origin": [4.75125, 9.4105, 8.0125]},
			"faces": {
				"north": {"uv": [3.5, 10, 3.75, 10.75], "texture": "#5"},
				"east": {"uv": [8.75, 3.75, 11.25, 4.5], "texture": "#5"},
				"south": {"uv": [3.75, 10, 4, 10.75], "texture": "#5"},
				"west": {"uv": [8.75, 4.5, 11.25, 5.25], "texture": "#5"},
				"up": {"uv": [1.75, 12.5, 1.5, 10], "texture": "#5"},
				"down": {"uv": [2, 10, 1.75, 12.5], "texture": "#5"}
			}
		},
		{
			"from": [7.81875, 7.3055, 3.3175],
			"to": [8.18375, 10.3055, 12.6825],
			"rotation": {"angle": 0, "axis": "y", "origin": [6.41375, 9.4105, 8.0125]},
			"faces": {
				"north": {"uv": [4, 10, 4.25, 10.75], "texture": "#5"},
				"east": {"uv": [8.75, 5.25, 11, 6], "texture": "#5"},
				"south": {"uv": [4.25, 10, 4.5, 10.75], "texture": "#5"},
				"west": {"uv": [8.75, 6, 11, 6.75], "texture": "#5"},
				"up": {"uv": [2.25, 12.25, 2, 10], "texture": "#5"},
				"down": {"uv": [2.5, 10, 2.25, 12.25], "texture": "#5"}
			}
		}
	],
	"display": {
		"thirdperson_righthand": {
			"rotation": [75, 45, 0],
			"translation": [0, 2.5, 0],
			"scale": [0.375, 0.375, 0.375]
		},
		"thirdperson_lefthand": {
			"rotation": [75, 45, 0],
			"translation": [0, 2.5, 0],
			"scale": [0.375, 0.375, 0.375]
		},
		"firstperson_righthand": {
			"rotation": [0, 45, 0],
			"scale": [0.4, 0.4, 0.4]
		},
		"firstperson_lefthand": {
			"rotation": [0, 225, 0],
			"scale": [0.4, 0.4, 0.4]
		},
		"ground": {
			"translation": [0, 3, 0],
			"scale": [0.25, 0.25, 0.25]
		},
		"gui": {
			"rotation": [30, 225, 0],
			"translation": [0, -0.75, 0],
			"scale": [0.625, 0.625, 0.625]
		},
		"head": {
			"translation": [0, 8.5, 0],
			"scale": [1.25, 1.25, 1.25]
		},
		"fixed": {
			"rotation": [-90, 0, 0],
			"translation": [0, 0, -5.5],
			"scale": [1.75, 1.75, 1.75]
		}
	}
}