{
	"credit": "www.sebxter.pl",
	"texture_size": [64, 64],
	"textures": {
		"1": "item/flint/2"
	},
	"elements": [
		{
			"from": [2, 4.9355, 2],
			"to": [14, 6.4355, 14],
			"rotation": {"angle": 0, "axis": "y", "origin": [10, 13.4355, 9]},
			"faces": {
				"north": {"uv": [5, 3.75, 8, 4.25], "texture": "#1"},
				"east": {"uv": [5, 4.25, 8, 4.75], "texture": "#1"},
				"south": {"uv": [7, 2, 10, 2.5], "texture": "#1"},
				"west": {"uv": [7, 2.5, 10, 3], "texture": "#1"},
				"up": {"uv": [3, 3, 0, 0], "texture": "#1"},
				"down": {"uv": [3, 3, 0, 6], "texture": "#1"}
			}
		},
		{
			"from": [4, 6.4105, 4],
			"to": [12, 21.4105, 12],
			"rotation": {"angle": 0, "axis": "y", "origin": [8.5, 6.9105, 8.5]},
			"faces": {
				"north": {"uv": [3, 3, 5, 6.75], "texture": "#1"},
				"east": {"uv": [5, 5, 7, 8.75], "texture": "#1"},
				"south": {"uv": [5, 0, 7, 3.75], "texture": "#1"},
				"west": {"uv": [0, 6, 2, 9.75], "texture": "#1"},
				"up": {"uv": [5, 2, 3, 0], "texture": "#1"},
				"down": {"uv": [4, 6.75, 2, 8.75], "texture": "#1"}
			}
		},
		{
			"from": [3.84, 6.3505, 3.84],
			"to": [12.16, 9.4705, 12.16],
			"rotation": {"angle": 0, "axis": "y", "origin": [8.52, 6.8705, 8.52]},
			"faces": {
				"north": {"uv": [3, 2, 5, 2.75], "texture": "#1"},
				"east": {"uv": [7, 3, 9, 3.75], "texture": "#1"},
				"south": {"uv": [7, 4.75, 9, 5.5], "texture": "#1"},
				"west": {"uv": [7, 5.5, 9, 6.25], "texture": "#1"},
				"up": {"uv": [9, 9, 7, 7], "texture": "#1"},
				"down": {"uv": [9, 0, 7, 2], "texture": "#1"}
			}
		}
	],
	"display": {
		"thirdperson_righthand": {
			"rotation": [75, 45, 0],
			"translation": [0, 2.5, 0],
			"scale": [0.375, 0.375, 0.375]
		},
		"thirdperson_lefthand": {
			"rotation": [75, 45, 0],
			"translation": [0, 2.5, 0],
			"scale": [0.375, 0.375, 0.375]
		},
		"firstperson_righthand": {
			"rotation": [0, 45, 0],
			"scale": [0.4, 0.4, 0.4]
		},
		"firstperson_lefthand": {
			"rotation": [0, 225, 0],
			"scale": [0.4, 0.4, 0.4]
		},
		"ground": {
			"translation": [0, 3, 0],
			"scale": [0.25, 0.25, 0.25]
		},
		"gui": {
			"rotation": [30, 225, 0],
			"translation": [0, -2, 0],
			"scale": [0.625, 0.625, 0.625]
		},
		"head": {
			"translation": [0, 8.5, 0],
			"scale": [1.25, 1.25, 1.25]
		},
		"fixed": {
			"rotation": [-90, 0, 0],
			"translation": [0, 0, -5],
			"scale": [1.75, 1.75, 1.75]
		}
	}
}