{
	"credit": "www.sebxter.pl",
	"texture_size": [64, 64],
	"textures": {
		"1": "item/flint/4"
	},
	"elements": [
		{
			"from": [2, 4.9355, 2],
			"to": [14, 6.4355, 14],
			"rotation": {"angle": 0, "axis": "y", "origin": [10, 13.4355, 9]},
			"faces": {
				"north": {"uv": [7, 2.25, 10, 2.75], "texture": "#1"},
				"east": {"uv": [7, 6.25, 10, 6.75], "texture": "#1"},
				"south": {"uv": [7.5, 2.75, 10.5, 3.25], "texture": "#1"},
				"west": {"uv": [7.5, 3.25, 10.5, 3.75], "texture": "#1"},
				"up": {"uv": [3, 3, 0, 0], "texture": "#1"},
				"down": {"uv": [3, 3, 0, 6], "texture": "#1"}
			}
		},
		{
			"from": [3, 6.4355, 3],
			"to": [13, 9.4355, 13],
			"rotation": {"angle": 0, "axis": "y", "origin": [10, 14.9355, 9]},
			"faces": {
				"north": {"uv": [7, 7, 9.5, 7.75], "texture": "#1"},
				"east": {"uv": [7, 0, 9.5, 0.75], "texture": "#1"},
				"south": {"uv": [7, 0.75, 9.5, 1.5], "texture": "#1"},
				"west": {"uv": [7, 1.5, 9.5, 2.25], "texture": "#1"},
				"up": {"uv": [5.5, 5.5, 3, 3], "texture": "#1"},
				"down": {"uv": [5.5, 0, 3, 2.5], "texture": "#1"}
			}
		},
		{
			"from": [4, 9.4355, 4],
			"to": [12, 13.4355, 12],
			"rotation": {"angle": 0, "axis": "y", "origin": [10, 17.9355, 9]},
			"faces": {
				"north": {"uv": [5.5, 3, 7.5, 4], "texture": "#1"},
				"east": {"uv": [5.5, 4, 7.5, 5], "texture": "#1"},
				"south": {"uv": [0, 6, 2, 7], "texture": "#1"},
				"west": {"uv": [0, 7, 2, 8], "texture": "#1"},
				"up": {"uv": [5, 7.5, 3, 5.5], "texture": "#1"},
				"down": {"uv": [7, 5.5, 5, 7.5], "texture": "#1"}
			}
		},
		{
			"from": [5, 11.4355, 5],
			"to": [11, 16.4355, 11],
			"rotation": {"angle": 22.5, "axis": "x", "origin": [8, 13.4355, 8]},
			"faces": {
				"north": {"uv": [7, 5, 8.5, 6.25], "texture": "#1"},
				"east": {"uv": [2, 7.5, 3.5, 8.75], "texture": "#1"},
				"south": {"uv": [3.5, 7.5, 5, 8.75], "texture": "#1"},
				"west": {"uv": [5, 7.5, 6.5, 8.75], "texture": "#1"},
				"up": {"uv": [7, 1.5, 5.5, 0], "texture": "#1"},
				"down": {"uv": [7, 1.5, 5.5, 3], "texture": "#1"}
			}
		},
		{
			"from": [6, 16.4355, 6],
			"to": [10, 18.4355, 10],
			"rotation": {"angle": 22.5, "axis": "x", "origin": [8, 13.4355, 8]},
			"faces": {
				"north": {"uv": [3, 2.5, 4, 3], "texture": "#1"},
				"east": {"uv": [4, 2.5, 5, 3], "texture": "#1"},
				"south": {"uv": [5.5, 5, 6.5, 5.5], "texture": "#1"},
				"west": {"uv": [2, 7, 3, 7.5], "texture": "#1"},
				"up": {"uv": [3, 7, 2, 6], "texture": "#1"},
				"down": {"uv": [8.5, 3.75, 7.5, 4.75], "texture": "#1"}
			}
		},
		{
			"from": [7, 16.26684, 9.10476],
			"to": [9, 20.26684, 11.10476],
			"rotation": {"angle": 45, "axis": "x", "origin": [8, 17.76684, 10.10476]},
			"faces": {
				"north": {"uv": [6.5, 7.5, 7, 8.5], "texture": "#1"},
				"east": {"uv": [7, 7.75, 7.5, 8.75], "texture": "#1"},
				"south": {"uv": [7.5, 7.75, 8, 8.75], "texture": "#1"},
				"west": {"uv": [0, 8, 0.5, 9], "texture": "#1"},
				"up": {"uv": [5.5, 3, 5, 2.5], "texture": "#1"},
				"down": {"uv": [7, 5, 6.5, 5.5], "texture": "#1"}
			}
		},
		{
			"from": [7.5, 20.22234, 11.13457],
			"to": [8.5, 21.22234, 14.13457],
			"rotation": {"angle": -22.5, "axis": "x", "origin": [8, 20.72234, 14.69707]},
			"faces": {
				"north": {"uv": [7, 2.75, 7.25, 3], "texture": "#1"},
				"east": {"uv": [7, 6.75, 7.75, 7], "texture": "#1"},
				"south": {"uv": [7.25, 2.75, 7.5, 3], "texture": "#1"},
				"west": {"uv": [7.5, 4.75, 8.25, 5], "texture": "#1"},
				"up": {"uv": [0.75, 8.75, 0.5, 8], "texture": "#1"},
				"down": {"uv": [1, 8, 0.75, 8.75], "texture": "#1"}
			}
		},
		{
			"from": [6.75, 20.47234, 15.13457],
			"to": [9.25, 20.97234, 15.63457],
			"rotation": {"angle": -22.5, "axis": "x", "origin": [8, 20.72234, 14.69707]},
			"faces": {
				"north": {"uv": [7.75, 6.75, 8.5, 7], "texture": "#1"},
				"east": {"uv": [8.25, 4.75, 8.5, 5], "texture": "#1"},
				"south": {"uv": [1, 8, 1.75, 8.25], "texture": "#1"},
				"west": {"uv": [1.25, 8.5, 1.5, 8.75], "texture": "#1"},
				"up": {"uv": [8.75, 8.25, 8, 8], "texture": "#1"},
				"down": {"uv": [8.75, 7.75, 8, 8], "texture": "#1"}
			}
		},
		{
			"from": [7.5, 20.52234, 14.88457],
			"to": [8.5, 20.92234, 15.88457],
			"rotation": {"angle": -22.5, "axis": "x", "origin": [8, 20.72234, 14.69707]},
			"faces": {
				"north": {"uv": [1.5, 8.5, 1.75, 8.75], "texture": "#1"},
				"east": {"uv": [6.5, 8.5, 6.75, 8.75], "texture": "#1"},
				"south": {"uv": [6.75, 8.5, 7, 8.75], "texture": "#1"},
				"west": {"uv": [8, 8.5, 8.25, 8.75], "texture": "#1"},
				"up": {"uv": [8.5, 8.75, 8.25, 8.5], "texture": "#1"},
				"down": {"uv": [8.75, 8.5, 8.5, 8.75], "texture": "#1"}
			}
		},
		{
			"from": [7.75, 20.47234, 14.13457],
			"to": [8.25, 20.97234, 16.63457],
			"rotation": {"angle": -22.5, "axis": "x", "origin": [8, 20.72234, 14.69707]},
			"faces": {
				"north": {"uv": [8.5, 3.75, 8.75, 4], "texture": "#1"},
				"east": {"uv": [1, 8.25, 1.75, 8.5], "texture": "#1"},
				"south": {"uv": [8.5, 4, 8.75, 4.25], "texture": "#1"},
				"west": {"uv": [8, 8.25, 8.75, 8.5], "texture": "#1"},
				"up": {"uv": [2, 8.75, 1.75, 8], "texture": "#1"},
				"down": {"uv": [1.25, 8.5, 1, 9.25], "texture": "#1"}
			}
		}
	],
	"display": {
		"thirdperson_righthand": {
			"rotation": [75, 45, 0],
			"translation": [0, 2.5, 0],
			"scale": [0.375, 0.375, 0.375]
		},
		"thirdperson_lefthand": {
			"rotation": [75, 45, 0],
			"translation": [0, 2.5, 0],
			"scale": [0.375, 0.375, 0.375]
		},
		"firstperson_righthand": {
			"rotation": [0, 45, 0],
			"scale": [0.4, 0.4, 0.4]
		},
		"firstperson_lefthand": {
			"rotation": [0, 225, 0],
			"scale": [0.4, 0.4, 0.4]
		},
		"ground": {
			"translation": [0, 3, 0],
			"scale": [0.25, 0.25, 0.25]
		},
		"gui": {
			"rotation": [30, 225, 0],
			"translation": [0, -2.25, 0],
			"scale": [0.625, 0.625, 0.625]
		},
		"head": {
			"translation": [0, 8.5, 0],
			"scale": [1.25, 1.25, 1.25]
		},
		"fixed": {
			"rotation": [-90, 0, 0],
			"translation": [0, 0, -5.25],
			"scale": [1.75, 1.75, 1.75]
		}
	}
}