{
	"credit": "www.sebxter.pl",
	"texture_size": [64, 64],
	"textures": {
		"4": "item/flint/5"
	},
	"elements": [
		{
			"from": [12.8, 5.05, 3],
			"to": [13.8, 9.05, 13],
			"rotation": {"angle": -22.5, "axis": "z", "origin": [13.275, 7.025, 8]},
			"faces": {
				"north": {"uv": [2, 5, 2.25, 6], "texture": "#4"},
				"east": {"uv": [4.5, 0, 7, 1], "texture": "#4"},
				"south": {"uv": [2.25, 5, 2.5, 6], "texture": "#4"},
				"west": {"uv": [4.5, 1, 7, 2], "texture": "#4"},
				"up": {"uv": [0.25, 10, 0, 7.5], "texture": "#4"},
				"down": {"uv": [0.5, 7.5, 0.25, 10], "texture": "#4"}
			}
		},
		{
			"from": [2.2, 5.05, 3],
			"to": [3.2, 9.05, 13],
			"rotation": {"angle": 22.5, "axis": "z", "origin": [2.725, 7.025, 8]},
			"faces": {
				"north": {"uv": [1, 7.5, 1.25, 8.5], "texture": "#4"},
				"east": {"uv": [4.5, 2, 7, 3], "texture": "#4"},
				"south": {"uv": [1.25, 7.5, 1.5, 8.5], "texture": "#4"},
				"west": {"uv": [4.5, 3, 7, 4], "texture": "#4"},
				"up": {"uv": [0.75, 10, 0.5, 7.5], "texture": "#4"},
				"down": {"uv": [1, 7.5, 0.75, 10], "texture": "#4"}
			}
		},
		{
			"from": [3, 5, 3],
			"to": [13, 6.5, 13],
			"rotation": {"angle": 0, "axis": "y", "origin": [10, 13.6855, 9]},
			"faces": {
				"north": {"uv": [6.5, 6, 9, 6.5], "texture": "#4"},
				"east": {"uv": [7, 2, 9.5, 2.5], "texture": "#4"},
				"south": {"uv": [7, 2.5, 9.5, 3], "texture": "#4"},
				"west": {"uv": [7, 3, 9.5, 3.5], "texture": "#4"},
				"up": {"uv": [2.5, 2.5, 0, 0], "texture": "#4"},
				"down": {"uv": [2.5, 2.5, 0, 5], "texture": "#4"}
			}
		},
		{
			"from": [4, 6, 4],
			"to": [12, 11, 12],
			"rotation": {"angle": 0, "axis": "y", "origin": [10, 14.6855, 9]},
			"faces": {
				"north": {"uv": [0, 5, 2, 6.25], "texture": "#4"},
				"east": {"uv": [0, 6.25, 2, 7.5], "texture": "#4"},
				"south": {"uv": [2, 6.5, 4, 7.75], "texture": "#4"},
				"west": {"uv": [4, 6.5, 6, 7.75], "texture": "#4"},
				"up": {"uv": [4.5, 4.5, 2.5, 2.5], "texture": "#4"},
				"down": {"uv": [4.5, 0, 2.5, 2], "texture": "#4"}
			}
		},
		{
			"from": [6.75, 8, 3.975],
			"to": [9.25, 10.5, 4],
			"rotation": {"angle": 0, "axis": "y", "origin": [10, 14.6855, 9]},
			"faces": {
				"north": {"uv": [7.25, 4.5, 8, 5.25], "texture": "#4"},
				"east": {"uv": [3.75, 7.75, 4, 8.5], "texture": "#4"},
				"south": {"uv": [7.25, 5.25, 8, 6], "texture": "#4"},
				"west": {"uv": [4, 7.75, 4.25, 8.5], "texture": "#4"},
				"up": {"uv": [5, 8, 4.25, 7.75], "texture": "#4"},
				"down": {"uv": [5.75, 7.75, 5, 8], "texture": "#4"}
			}
		},
		{
			"from": [3.9232, 5.9758, 3.9232],
			"to": [12.0768, 7.5242, 12.0768],
			"rotation": {"angle": 0, "axis": "y", "origin": [10.0384, 14.82806, 9.0192]},
			"faces": {
				"north": {"uv": [2.5, 2, 4.5, 2.5], "texture": "#4"},
				"east": {"uv": [4.5, 4, 6.5, 4.5], "texture": "#4"},
				"south": {"uv": [7, 3.5, 9, 4], "texture": "#4"},
				"west": {"uv": [7.25, 4, 9.25, 4.5], "texture": "#4"},
				"up": {"uv": [4.5, 6.5, 2.5, 4.5], "texture": "#4"},
				"down": {"uv": [6.5, 4.5, 4.5, 6.5], "texture": "#4"}
			}
		},
		{
			"from": [9, 11, 4],
			"to": [12, 12, 12],
			"rotation": {"angle": 0, "axis": "y", "origin": [10, 19.6855, 9]},
			"faces": {
				"north": {"uv": [7.5, 7.25, 8.25, 7.5], "texture": "#4"},
				"east": {"uv": [6.75, 6.5, 8.75, 6.75], "texture": "#4"},
				"south": {"uv": [1.5, 7.75, 2.25, 8], "texture": "#4"},
				"west": {"uv": [7.5, 7.5, 9.5, 7.75], "texture": "#4"},
				"up": {"uv": [6.75, 8.5, 6, 6.5], "texture": "#4"},
				"down": {"uv": [7.25, 4, 6.5, 6], "texture": "#4"}
			}
		},
		{
			"from": [4, 11, 4],
			"to": [7, 12, 12],
			"rotation": {"angle": 0, "axis": "y", "origin": [5, 19.6855, 9]},
			"faces": {
				"north": {"uv": [2.25, 7.75, 3, 8], "texture": "#4"},
				"east": {"uv": [7.5, 6.75, 9.5, 7], "texture": "#4"},
				"south": {"uv": [3, 7.75, 3.75, 8], "texture": "#4"},
				"west": {"uv": [7.5, 7, 9.5, 7.25], "texture": "#4"},
				"up": {"uv": [7.5, 8.75, 6.75, 6.75], "texture": "#4"},
				"down": {"uv": [7.75, 0, 7, 2], "texture": "#4"}
			}
		}
	],
	"display": {
		"thirdperson_righthand": {
			"rotation": [75, 45, 0],
			"translation": [0, 2.5, 0],
			"scale": [0.375, 0.375, 0.375]
		},
		"thirdperson_lefthand": {
			"rotation": [75, 45, 0],
			"translation": [0, 2.5, 0],
			"scale": [0.375, 0.375, 0.375]
		},
		"firstperson_righthand": {
			"rotation": [0, 45, 0],
			"scale": [0.4, 0.4, 0.4]
		},
		"firstperson_lefthand": {
			"rotation": [0, 225, 0],
			"scale": [0.4, 0.4, 0.4]
		},
		"ground": {
			"translation": [0, 3, 0],
			"scale": [0.25, 0.25, 0.25]
		},
		"gui": {
			"rotation": [30, 225, 0],
			"scale": [0.625, 0.625, 0.625]
		},
		"head": {
			"translation": [0, 8.75, 0],
			"scale": [1.4, 1.4, 1.4]
		},
		"fixed": {
			"rotation": [-89, 0, 0],
			"translation": [0, 0, -5],
			"scale": [1.75, 1.75, 1.75]
		}
	}
}