{
	"credit": "www.sebxter.pl",
	"texture_size": [32, 32],
	"textures": {
		"1": "item/flint/6"
	},
	"elements": [
		{
			"from": [2, 4.9355, 2],
			"to": [14, 7.4355, 14],
			"rotation": {"angle": 0, "axis": "y", "origin": [10, 13.4355, 9]},
			"faces": {
				"north": {"uv": [6, 6, 12, 7.5], "texture": "#1"},
				"east": {"uv": [6, 0, 12, 1.5], "texture": "#1"},
				"south": {"uv": [6, 1.5, 12, 3], "texture": "#1"},
				"west": {"uv": [6, 3, 12, 4.5], "texture": "#1"},
				"up": {"uv": [6, 6, 0, 0], "texture": "#1"},
				"down": {"uv": [6, 6, 0, 12], "texture": "#1"}
			}
		},
		{
			"from": [4, 9.9355, 4],
			"to": [12, 12.4355, 12],
			"rotation": {"angle": 0, "axis": "y", "origin": [10, 15.9355, 9]},
			"faces": {
				"north": {"uv": [15, 6.5, 15.5, 7], "texture": "#1"},
				"east": {"uv": [15, 6.5, 15.5, 7], "texture": "#1"},
				"south": {"uv": [15, 6.5, 15.5, 7], "texture": "#1"},
				"west": {"uv": [15, 6.5, 15.5, 7], "texture": "#1"},
				"up": {"uv": [15, 6.5, 15.5, 7], "texture": "#1"},
				"down": {"uv": [15, 6.5, 15.5, 7], "texture": "#1"}
			}
		},
		{
			"from": [4, 12.4355, 4],
			"to": [12, 13.9355, 12],
			"rotation": {"angle": 0, "axis": "y", "origin": [10, 18.4355, 9]},
			"faces": {
				"north": {"uv": [13.5, 5, 14, 5.5], "texture": "#1"},
				"east": {"uv": [13.5, 5, 14, 5.5], "texture": "#1"},
				"south": {"uv": [13.5, 5, 14, 5.5], "texture": "#1"},
				"west": {"uv": [13.5, 5, 14, 5.5], "texture": "#1"},
				"up": {"uv": [13.5, 5, 14, 5.5], "texture": "#1"},
				"down": {"uv": [13.5, 5, 14, 5.5], "texture": "#1"}
			}
		},
		{
			"from": [4, 7.4355, 4],
			"to": [12, 9.9355, 12],
			"rotation": {"angle": 0, "axis": "y", "origin": [10, 15.9355, 9]},
			"faces": {
				"north": {"uv": [13.5, 6.5, 14, 7], "texture": "#1"},
				"east": {"uv": [13.5, 6.5, 14, 7], "texture": "#1"},
				"south": {"uv": [13.5, 6.5, 14, 7], "texture": "#1"},
				"west": {"uv": [13.5, 6.5, 14, 7], "texture": "#1"},
				"up": {"uv": [13.5, 6.5, 14, 7], "texture": "#1"},
				"down": {"uv": [13.5, 6.5, 14, 7], "texture": "#1"}
			}
		},
		{
			"from": [4.95, 13.9105, 4],
			"to": [12.575, 15.2355, 12],
			"rotation": {"angle": -22.5, "axis": "z", "origin": [8.95, 15.4105, 8]},
			"faces": {
				"north": {"uv": [13.5, 5, 14, 5.5], "texture": "#1"},
				"east": {"uv": [13.5, 5, 14, 5.5], "texture": "#1"},
				"south": {"uv": [13.5, 5, 14, 5.5], "texture": "#1"},
				"west": {"uv": [13.5, 5, 14, 5.5], "texture": "#1"},
				"up": {"uv": [13.5, 5, 14, 5.5], "texture": "#1"},
				"down": {"uv": [13.5, 5, 14, 5.5], "texture": "#1"}
			}
		},
		{
			"from": [4.95, 15.2355, 4],
			"to": [12.575, 16.6605, 12],
			"rotation": {"angle": -22.5, "axis": "z", "origin": [8.95, 15.4105, 8]},
			"faces": {
				"north": {"uv": [15, 5, 15.5, 5.5], "texture": "#1"},
				"east": {"uv": [15, 5, 15.5, 5.5], "texture": "#1"},
				"south": {"uv": [15, 5, 15.5, 5.5], "texture": "#1"},
				"west": {"uv": [15, 5, 15.5, 5.5], "texture": "#1"},
				"up": {"uv": [15, 5, 15.5, 5.5], "texture": "#1"},
				"down": {"uv": [15, 5, 15.5, 5.5], "texture": "#1"}
			}
		},
		{
			"from": [8.575, 16.6605, 4],
			"to": [12.575, 18.3855, 12],
			"rotation": {"angle": -22.5, "axis": "z", "origin": [8.95, 15.4105, 8]},
			"faces": {
				"north": {"uv": [13.5, 3.5, 14, 4], "texture": "#1"},
				"east": {"uv": [13.5, 3.5, 14, 4], "texture": "#1"},
				"south": {"uv": [13.5, 3.5, 14, 4], "texture": "#1"},
				"west": {"uv": [13.5, 3.5, 14, 4], "texture": "#1"},
				"up": {"uv": [13.5, 3.5, 14, 4], "texture": "#1"},
				"down": {"uv": [13.5, 3.5, 14, 4], "texture": "#1"}
			}
		},
		{
			"from": [4.95, 12.1605, 4],
			"to": [8.575, 14.1605, 12],
			"rotation": {"angle": -22.5, "axis": "z", "origin": [8.95, 15.4105, 8]},
			"faces": {
				"north": {"uv": [13.5, 5, 14, 5.5], "texture": "#1"},
				"east": {"uv": [13.5, 5, 14, 5.5], "texture": "#1"},
				"south": {"uv": [13.5, 5, 14, 5.5], "texture": "#1"},
				"west": {"uv": [13.5, 5, 14, 5.5], "texture": "#1"},
				"up": {"uv": [13.5, 5, 14, 5.5], "texture": "#1"},
				"down": {"uv": [13.5, 5, 14, 5.5], "texture": "#1"}
			}
		},
		{
			"from": [8.5, 13.4105, 4],
			"to": [9.825, 14.1605, 12],
			"rotation": {"angle": -22.5, "axis": "z", "origin": [8.95, 15.4105, 8]},
			"faces": {
				"north": {"uv": [13.5, 5, 14, 5.5], "texture": "#1"},
				"east": {"uv": [13.5, 5, 14, 5.5], "texture": "#1"},
				"south": {"uv": [13.5, 5, 14, 5.5], "texture": "#1"},
				"west": {"uv": [13.5, 5, 14, 5.5], "texture": "#1"},
				"up": {"uv": [13.5, 5, 14, 5.5], "texture": "#1"},
				"down": {"uv": [13.5, 5, 14, 5.5], "texture": "#1"}
			}
		},
		{
			"from": [9.63939, 16.69408, 4],
			"to": [11.88939, 19.26908, 12],
			"rotation": {"angle": 22.5, "axis": "z", "origin": [9.33939, 15.26908, 8]},
			"faces": {
				"north": {"uv": [13.5, 3.5, 14, 4], "texture": "#1"},
				"east": {"uv": [13.5, 3.5, 14, 4], "texture": "#1"},
				"south": {"uv": [13.5, 3.5, 14, 4], "texture": "#1"},
				"west": {"uv": [13.5, 3.5, 14, 4], "texture": "#1"},
				"up": {"uv": [13.5, 3.5, 14, 4], "texture": "#1"},
				"down": {"uv": [13.5, 3.5, 14, 4], "texture": "#1"}
			}
		},
		{
			"from": [7.08939, 17.44408, 4],
			"to": [9.63939, 19.26908, 12],
			"rotation": {"angle": 22.5, "axis": "z", "origin": [9.33939, 15.26908, 8]},
			"faces": {
				"north": {"uv": [15, 5, 15.5, 5.5], "texture": "#1"},
				"east": {"uv": [15, 5, 15.5, 5.5], "texture": "#1"},
				"south": {"uv": [15, 5, 15.5, 5.5], "texture": "#1"},
				"west": {"uv": [15, 5, 15.5, 5.5], "texture": "#1"},
				"up": {"uv": [15, 5, 15.5, 5.5], "texture": "#1"},
				"down": {"uv": [15, 5, 15.5, 5.5], "texture": "#1"}
			}
		},
		{
			"from": [8.58939, 16.44408, 4],
			"to": [9.63939, 17.51908, 12],
			"rotation": {"angle": 22.5, "axis": "z", "origin": [9.33939, 15.26908, 8]},
			"faces": {
				"north": {"uv": [15, 5, 15.5, 5.5], "texture": "#1"},
				"east": {"uv": [15, 5, 15.5, 5.5], "texture": "#1"},
				"south": {"uv": [15, 5, 15.5, 5.5], "texture": "#1"},
				"west": {"uv": [15, 5, 15.5, 5.5], "texture": "#1"},
				"up": {"uv": [15, 5, 15.5, 5.5], "texture": "#1"},
				"down": {"uv": [15, 5, 15.5, 5.5], "texture": "#1"}
			}
		},
		{
			"from": [11.26244, 17.69072, 5],
			"to": [14.26244, 20.69072, 11],
			"rotation": {"angle": 22.5, "axis": "z", "origin": [14.51244, 17.44072, 8]},
			"faces": {
				"north": {"uv": [15, 3.5, 15.5, 4], "texture": "#1"},
				"east": {"uv": [15, 3.5, 15.5, 4], "texture": "#1"},
				"south": {"uv": [15, 3.5, 15.5, 4], "texture": "#1"},
				"west": {"uv": [15, 3.5, 15.5, 4], "texture": "#1"},
				"up": {"uv": [15, 3.5, 15.5, 4], "texture": "#1"},
				"down": {"uv": [15, 3.5, 15.5, 4], "texture": "#1"}
			}
		},
		{
			"from": [12.56244, 17.66572, 5.5],
			"to": [15.56244, 19.66572, 10.5],
			"rotation": {"angle": -22.5, "axis": "z", "origin": [14.06244, 18.66572, 8]},
			"faces": {
				"north": {"uv": [13.5, 2, 14, 2.5], "texture": "#1"},
				"east": {"uv": [13.5, 2, 14, 2.5], "texture": "#1"},
				"south": {"uv": [13.5, 2, 14, 2.5], "texture": "#1"},
				"west": {"uv": [13.5, 2, 14, 2.5], "texture": "#1"},
				"up": {"uv": [13.5, 2, 14, 2.5], "texture": "#1"},
				"down": {"uv": [13.5, 2, 14, 2.5], "texture": "#1"}
			}
		},
		{
			"from": [14.88376, 15.6694, 6],
			"to": [16.38376, 18.6694, 10],
			"rotation": {"angle": 22.5, "axis": "z", "origin": [15.63376, 17.1694, 8]},
			"faces": {
				"north": {"uv": [15, 2, 15.5, 2.5], "texture": "#1"},
				"east": {"uv": [15, 2, 15.5, 2.5], "texture": "#1"},
				"south": {"uv": [15, 2, 15.5, 2.5], "texture": "#1"},
				"west": {"uv": [15, 2, 15.5, 2.5], "texture": "#1"},
				"up": {"uv": [15, 2, 15.5, 2.5], "texture": "#1"},
				"down": {"uv": [15, 2, 15.5, 2.5], "texture": "#1"}
			}
		},
		{
			"from": [15.13376, 13.6694, 6.5],
			"to": [16.13376, 15.6694, 9.5],
			"rotation": {"angle": 22.5, "axis": "z", "origin": [15.63376, 17.1694, 8]},
			"faces": {
				"north": {"uv": [13.5, 0.5, 14, 1], "texture": "#1"},
				"east": {"uv": [13.5, 0.5, 14, 1], "texture": "#1"},
				"south": {"uv": [13.5, 0.5, 14, 1], "texture": "#1"},
				"west": {"uv": [13.5, 0.5, 14, 1], "texture": "#1"},
				"up": {"uv": [13.5, 0.5, 14, 1], "texture": "#1"},
				"down": {"uv": [13.5, 0.5, 14, 1], "texture": "#1"}
			}
		},
		{
			"from": [15.13376, 11.6694, 7.5],
			"to": [16.13376, 13.6694, 8.5],
			"rotation": {"angle": 22.5, "axis": "z", "origin": [15.63376, 17.1694, 8]},
			"faces": {
				"north": {"uv": [15, 0.5, 15.5, 1], "texture": "#1"},
				"east": {"uv": [15, 0.5, 15.5, 1], "texture": "#1"},
				"south": {"uv": [15, 0.5, 15.5, 1], "texture": "#1"},
				"west": {"uv": [15, 0.5, 15.5, 1], "texture": "#1"},
				"up": {"uv": [15, 0.5, 15.5, 1], "texture": "#1"},
				"down": {"uv": [15, 0.5, 15.5, 1], "texture": "#1"}
			}
		},
		{
			"from": [14.63376, 9.6694, 7],
			"to": [16.63376, 11.6694, 9],
			"rotation": {"angle": 22.5, "axis": "z", "origin": [15.63376, 17.1694, 8]},
			"faces": {
				"north": {"uv": [6, 4.5, 7, 5.5], "texture": "#1"},
				"east": {"uv": [7, 4.5, 8, 5.5], "texture": "#1"},
				"south": {"uv": [6, 7.5, 7, 8.5], "texture": "#1"},
				"west": {"uv": [7, 7.5, 8, 8.5], "texture": "#1"},
				"up": {"uv": [9, 9, 8, 8], "texture": "#1"},
				"down": {"uv": [9, 4.5, 8, 5.5], "texture": "#1"}
			}
		},
		{
			"from": [2.5, 6.1855, 10.625],
			"to": [4, 8.9355, 13.375],
			"rotation": {"angle": 45, "axis": "x", "origin": [3.5, 7.4355, 11.875]},
			"faces": {
				"north": {"uv": [7.5, 10, 8, 11], "texture": "#1"},
				"east": {"uv": [6, 10, 7, 11], "texture": "#1"},
				"south": {"uv": [7, 1, 8, 2], "texture": "#1"},
				"west": {"uv": [6, 10, 7, 11], "texture": "#1"},
				"up": {"uv": [7.5, 10, 8, 11], "texture": "#1"},
				"down": {"uv": [7, 1, 8, 2], "texture": "#1"}
			}
		},
		{
			"from": [12, 6.1855, 10.625],
			"to": [13.5, 8.9355, 13.375],
			"rotation": {"angle": 45, "axis": "x", "origin": [13, 7.4355, 11.875]},
			"faces": {
				"north": {"uv": [7.5, 10, 8, 11], "texture": "#1"},
				"east": {"uv": [6, 10, 7, 11], "texture": "#1"},
				"south": {"uv": [7, 1, 8, 2], "texture": "#1"},
				"west": {"uv": [6, 10, 7, 11], "texture": "#1"},
				"up": {"uv": [7.5, 10, 8, 11], "texture": "#1"},
				"down": {"uv": [7, 1, 8, 2], "texture": "#1"}
			}
		},
		{
			"from": [2.5, 6.1855, 7.875],
			"to": [4, 8.9355, 10.625],
			"rotation": {"angle": 45, "axis": "x", "origin": [3.5, 7.4355, 9.125]},
			"faces": {
				"north": {"uv": [7.5, 10, 8, 11], "texture": "#1"},
				"east": {"uv": [6, 10, 7, 11], "texture": "#1"},
				"south": {"uv": [7, 1, 8, 2], "texture": "#1"},
				"west": {"uv": [6, 10, 7, 11], "texture": "#1"},
				"up": {"uv": [7.5, 10, 8, 11], "texture": "#1"},
				"down": {"uv": [7, 1, 8, 2], "texture": "#1"}
			}
		},
		{
			"from": [10.71875, 6.1855, 12],
			"to": [13.46875, 8.9355, 13.5],
			"rotation": {"angle": 45, "axis": "z", "origin": [12.21875, 7.4355, 13]},
			"faces": {
				"north": {"uv": [6, 10, 7, 11], "texture": "#1"},
				"east": {"uv": [7.5, 10, 8, 11], "texture": "#1"},
				"south": {"uv": [6, 10, 7, 11], "texture": "#1"},
				"west": {"uv": [7, 1, 8, 2], "texture": "#1"},
				"up": {"uv": [7.5, 10, 8, 11], "rotation": 90, "texture": "#1"},
				"down": {"uv": [7, 1, 8, 2], "rotation": 270, "texture": "#1"}
			}
		},
		{
			"from": [7.99375, 6.1855, 12],
			"to": [10.74375, 8.9355, 13.5],
			"rotation": {"angle": 45, "axis": "z", "origin": [9.49375, 7.4355, 13]},
			"faces": {
				"north": {"uv": [6, 10, 7, 11], "texture": "#1"},
				"east": {"uv": [7.5, 10, 8, 11], "texture": "#1"},
				"south": {"uv": [6, 10, 7, 11], "texture": "#1"},
				"west": {"uv": [7, 1, 8, 2], "texture": "#1"},
				"up": {"uv": [7.5, 10, 8, 11], "rotation": 90, "texture": "#1"},
				"down": {"uv": [7, 1, 8, 2], "rotation": 270, "texture": "#1"}
			}
		},
		{
			"from": [5.36875, 6.1855, 12],
			"to": [8.11875, 8.9355, 13.5],
			"rotation": {"angle": 45, "axis": "z", "origin": [6.86875, 7.4355, 13]},
			"faces": {
				"north": {"uv": [6, 10, 7, 11], "texture": "#1"},
				"east": {"uv": [7.5, 10, 8, 11], "texture": "#1"},
				"south": {"uv": [6, 10, 7, 11], "texture": "#1"},
				"west": {"uv": [7, 1, 8, 2], "texture": "#1"},
				"up": {"uv": [7.5, 10, 8, 11], "rotation": 90, "texture": "#1"},
				"down": {"uv": [7, 1, 8, 2], "rotation": 270, "texture": "#1"}
			}
		},
		{
			"from": [2.61875, 6.1855, 12],
			"to": [5.36875, 8.9355, 13.5],
			"rotation": {"angle": 45, "axis": "z", "origin": [4.11875, 7.4355, 13]},
			"faces": {
				"north": {"uv": [6, 10, 7, 11], "texture": "#1"},
				"east": {"uv": [7.5, 10, 8, 11], "texture": "#1"},
				"south": {"uv": [6, 10, 7, 11], "texture": "#1"},
				"west": {"uv": [7, 1, 8, 2], "texture": "#1"},
				"up": {"uv": [7.5, 10, 8, 11], "rotation": 90, "texture": "#1"},
				"down": {"uv": [7, 1, 8, 2], "rotation": 270, "texture": "#1"}
			}
		},
		{
			"from": [2.61875, 6.1855, 2.5],
			"to": [5.36875, 8.9355, 4],
			"rotation": {"angle": 45, "axis": "z", "origin": [4.11875, 7.4355, 3.5]},
			"faces": {
				"north": {"uv": [6, 10, 7, 11], "texture": "#1"},
				"east": {"uv": [7.5, 10, 8, 11], "texture": "#1"},
				"south": {"uv": [6, 10, 7, 11], "texture": "#1"},
				"west": {"uv": [7, 1, 8, 2], "texture": "#1"},
				"up": {"uv": [7.5, 10, 8, 11], "rotation": 90, "texture": "#1"},
				"down": {"uv": [7, 1, 8, 2], "rotation": 270, "texture": "#1"}
			}
		},
		{
			"from": [7.99375, 6.1855, 2.5],
			"to": [10.74375, 8.9355, 4],
			"rotation": {"angle": 45, "axis": "z", "origin": [9.49375, 7.4355, 3.5]},
			"faces": {
				"north": {"uv": [6, 10, 7, 11], "texture": "#1"},
				"east": {"uv": [7.5, 10, 8, 11], "texture": "#1"},
				"south": {"uv": [6, 10, 7, 11], "texture": "#1"},
				"west": {"uv": [7, 1, 8, 2], "texture": "#1"},
				"up": {"uv": [7.5, 10, 8, 11], "rotation": 90, "texture": "#1"},
				"down": {"uv": [7, 1, 8, 2], "rotation": 270, "texture": "#1"}
			}
		},
		{
			"from": [10.71875, 6.1855, 2.5],
			"to": [13.46875, 8.9355, 4],
			"rotation": {"angle": 45, "axis": "z", "origin": [12.21875, 7.4355, 3.5]},
			"faces": {
				"north": {"uv": [6, 10, 7, 11], "texture": "#1"},
				"east": {"uv": [7.5, 10, 8, 11], "texture": "#1"},
				"south": {"uv": [6, 10, 7, 11], "texture": "#1"},
				"west": {"uv": [7, 1, 8, 2], "texture": "#1"},
				"up": {"uv": [7.5, 10, 8, 11], "rotation": 90, "texture": "#1"},
				"down": {"uv": [7, 1, 8, 2], "rotation": 270, "texture": "#1"}
			}
		},
		{
			"from": [5.36875, 6.1855, 2.5],
			"to": [8.11875, 8.9355, 4],
			"rotation": {"angle": 45, "axis": "z", "origin": [6.86875, 7.4355, 3.5]},
			"faces": {
				"north": {"uv": [6, 10, 7, 11], "texture": "#1"},
				"east": {"uv": [7.5, 10, 8, 11], "texture": "#1"},
				"south": {"uv": [6, 10, 7, 11], "texture": "#1"},
				"west": {"uv": [7, 1, 8, 2], "texture": "#1"},
				"up": {"uv": [7.5, 10, 8, 11], "rotation": 90, "texture": "#1"},
				"down": {"uv": [7, 1, 8, 2], "rotation": 270, "texture": "#1"}
			}
		},
		{
			"from": [12, 6.1855, 7.875],
			"to": [13.5, 8.9355, 10.625],
			"rotation": {"angle": 45, "axis": "x", "origin": [13, 7.4355, 9.125]},
			"faces": {
				"north": {"uv": [7.5, 10, 8, 11], "texture": "#1"},
				"east": {"uv": [6, 10, 7, 11], "texture": "#1"},
				"south": {"uv": [7, 1, 8, 2], "texture": "#1"},
				"west": {"uv": [6, 10, 7, 11], "texture": "#1"},
				"up": {"uv": [7.5, 10, 8, 11], "texture": "#1"},
				"down": {"uv": [7, 1, 8, 2], "texture": "#1"}
			}
		},
		{
			"from": [2.5, 6.1855, 5.25],
			"to": [4, 8.9355, 8],
			"rotation": {"angle": 45, "axis": "x", "origin": [3.5, 7.4355, 6.5]},
			"faces": {
				"north": {"uv": [7.5, 10, 8, 11], "texture": "#1"},
				"east": {"uv": [6, 10, 7, 11], "texture": "#1"},
				"south": {"uv": [7, 1, 8, 2], "texture": "#1"},
				"west": {"uv": [6, 10, 7, 11], "texture": "#1"},
				"up": {"uv": [7.5, 10, 8, 11], "texture": "#1"},
				"down": {"uv": [7, 1, 8, 2], "texture": "#1"}
			}
		},
		{
			"from": [12, 6.1855, 5.25],
			"to": [13.5, 8.9355, 8],
			"rotation": {"angle": 45, "axis": "x", "origin": [13, 7.4355, 6.5]},
			"faces": {
				"north": {"uv": [7.5, 10, 8, 11], "texture": "#1"},
				"east": {"uv": [6, 10, 7, 11], "texture": "#1"},
				"south": {"uv": [7, 1, 8, 2], "texture": "#1"},
				"west": {"uv": [6, 10, 7, 11], "texture": "#1"},
				"up": {"uv": [7.5, 10, 8, 11], "texture": "#1"},
				"down": {"uv": [7, 1, 8, 2], "texture": "#1"}
			}
		},
		{
			"from": [2.5, 6.1855, 2.525],
			"to": [4, 8.9355, 5.275],
			"rotation": {"angle": 45, "axis": "x", "origin": [3.5, 7.4355, 3.775]},
			"faces": {
				"north": {"uv": [7.5, 10, 8, 11], "texture": "#1"},
				"east": {"uv": [6, 10, 7, 11], "texture": "#1"},
				"south": {"uv": [7, 1, 8, 2], "texture": "#1"},
				"west": {"uv": [6, 10, 7, 11], "texture": "#1"},
				"up": {"uv": [7.5, 10, 8, 11], "texture": "#1"},
				"down": {"uv": [7, 1, 8, 2], "texture": "#1"}
			}
		},
		{
			"from": [12, 6.1855, 2.525],
			"to": [13.5, 8.9355, 5.275],
			"rotation": {"angle": 45, "axis": "x", "origin": [13, 7.4355, 3.775]},
			"faces": {
				"north": {"uv": [7.5, 10, 8, 11], "texture": "#1"},
				"east": {"uv": [6, 10, 7, 11], "texture": "#1"},
				"south": {"uv": [7, 1, 8, 2], "texture": "#1"},
				"west": {"uv": [6, 10, 7, 11], "texture": "#1"},
				"up": {"uv": [7.5, 10, 8, 11], "texture": "#1"},
				"down": {"uv": [7, 1, 8, 2], "texture": "#1"}
			}
		}
	],
	"display": {
		"thirdperson_righthand": {
			"rotation": [75, 45, 0],
			"translation": [0, 2.5, 0],
			"scale": [0.375, 0.375, 0.375]
		},
		"thirdperson_lefthand": {
			"rotation": [75, 45, 0],
			"translation": [0, 2.5, 0],
			"scale": [0.375, 0.375, 0.375]
		},
		"firstperson_righthand": {
			"rotation": [0, 45, 0],
			"scale": [0.4, 0.4, 0.4]
		},
		"firstperson_lefthand": {
			"rotation": [0, 225, 0],
			"scale": [0.4, 0.4, 0.4]
		},
		"ground": {
			"translation": [0, 3, 0],
			"scale": [0.25, 0.25, 0.25]
		},
		"gui": {
			"rotation": [30, 225, 0],
			"translation": [0, -1.25, 0],
			"scale": [0.625, 0.625, 0.625]
		},
		"head": {
			"translation": [0, 6.75, 0],
			"scale": [1.25, 1.25, 1.25]
		},
		"fixed": {
			"rotation": [-90, 0, 0],
			"translation": [0, 0, -5.25],
			"scale": [1.75, 1.75, 1.75]
		}
	}
}