{
	"credit": "www.sebxter.pl",
	"texture_size": [64, 64],
	"textures": {
		"1": "item/flint/7"
	},
	"elements": [
		{
			"from": [2, 4.9355, 2],
			"to": [14, 7.4355, 14],
			"rotation": {"angle": 0, "axis": "y", "origin": [10, 13.4355, 9]},
			"faces": {
				"north": {"uv": [7.5, 5.75, 10.5, 6.5], "texture": "#1"},
				"east": {"uv": [7.5, 6.5, 10.5, 7.25], "texture": "#1"},
				"south": {"uv": [2.25, 8, 5.25, 8.75], "texture": "#1"},
				"west": {"uv": [8, 3, 11, 3.75], "texture": "#1"},
				"up": {"uv": [3, 3, 0, 0], "texture": "#1"},
				"down": {"uv": [3, 3, 0, 6], "texture": "#1"}
			}
		},
		{
			"from": [2.5, 7.4355, 2.5],
			"to": [13.5, 11.9355, 13.5],
			"rotation": {"angle": 0, "axis": "y", "origin": [10, 15.9355, 9]},
			"faces": {
				"north": {"uv": [5.75, 4.75, 8.5, 5.75], "texture": "#1"},
				"east": {"uv": [7.5, 0, 10.25, 1], "texture": "#1"},
				"south": {"uv": [7.5, 1, 10.25, 2], "texture": "#1"},
				"west": {"uv": [7.5, 2, 10.25, 3], "texture": "#1"},
				"up": {"uv": [5.75, 5.75, 3, 3], "texture": "#1"},
				"down": {"uv": [5.75, 0, 3, 2.75], "texture": "#1"}
			}
		},
		{
			"from": [3.5, 9.9355, 3.5],
			"to": [12.5, 14.4355, 12.5],
			"rotation": {"angle": 22.5, "axis": "x", "origin": [8, 12.1855, 8]},
			"faces": {
				"north": {"uv": [5.75, 3.5, 8, 4.75], "texture": "#1"},
				"east": {"uv": [0, 6, 2.25, 7.25], "texture": "#1"},
				"south": {"uv": [0, 7.25, 2.25, 8.5], "texture": "#1"},
				"west": {"uv": [7.5, 7.5, 9.75, 8.75], "texture": "#1"},
				"up": {"uv": [5.25, 8, 3, 5.75], "texture": "#1"},
				"down": {"uv": [7.5, 5.75, 5.25, 8], "texture": "#1"}
			}
		},
		{
			"from": [4.5, 12.14296, 5.97208],
			"to": [11.5, 16.64296, 12.97208],
			"rotation": {"angle": 45, "axis": "x", "origin": [8, 14.39296, 9.47208]},
			"faces": {
				"north": {"uv": [5.25, 8, 7, 9], "texture": "#1"},
				"east": {"uv": [8, 3.75, 9.75, 4.75], "texture": "#1"},
				"south": {"uv": [0, 8.5, 1.75, 9.5], "texture": "#1"},
				"west": {"uv": [8.5, 4.75, 10.25, 5.75], "texture": "#1"},
				"up": {"uv": [7.5, 1.75, 5.75, 0], "texture": "#1"},
				"down": {"uv": [7.5, 1.75, 5.75, 3.5], "texture": "#1"}
			}
		},
		{
			"from": [5.5, 13.82494, 9.40406],
			"to": [10.5, 18.82494, 13.90406],
			"rotation": {"angle": -22.5, "axis": "x", "origin": [8, 16.32494, 11.65406]},
			"faces": {
				"north": {"uv": [1.75, 8.75, 3, 10], "texture": "#1"},
				"east": {"uv": [3, 8.75, 4.25, 10], "texture": "#1"},
				"south": {"uv": [7, 8.75, 8.25, 10], "texture": "#1"},
				"west": {"uv": [8.25, 8.75, 9.5, 10], "texture": "#1"},
				"up": {"uv": [5.5, 10.25, 4.25, 9], "texture": "#1"},
				"down": {"uv": [6.75, 9, 5.5, 10.25], "texture": "#1"}
			}
		},
		{
			"from": [6.5, 15.60567, 13.09957],
			"to": [9.5, 18.60567, 16.59957],
			"rotation": {"angle": 0, "axis": "x", "origin": [8, 17.10567, 14.84957]},
			"faces": {
				"north": {"uv": [1, 9.5, 1.75, 10.25], "texture": "#1"},
				"east": {"uv": [0, 9.5, 1, 10.25], "texture": "#1"},
				"south": {"uv": [9.5, 8.75, 10.25, 9.5], "texture": "#1"},
				"west": {"uv": [9.5, 9.5, 10.5, 10.25], "texture": "#1"},
				"up": {"uv": [3, 7, 2.25, 6], "texture": "#1"},
				"down": {"uv": [3, 7, 2.25, 8], "texture": "#1"}
			}
		},
		{
			"from": [7.5, 16.10567, 16.09957],
			"to": [8.5, 17.10567, 18.59957],
			"rotation": {"angle": 22.5, "axis": "x", "origin": [8, 16.60567, 17.84957]},
			"faces": {
				"north": {"uv": [4.5, 2.75, 4.75, 3], "texture": "#1"},
				"east": {"uv": [3, 2.75, 3.75, 3], "texture": "#1"},
				"south": {"uv": [4.75, 2.75, 5, 3], "texture": "#1"},
				"west": {"uv": [3.75, 2.75, 4.5, 3], "texture": "#1"},
				"up": {"uv": [7, 9.75, 6.75, 9], "texture": "#1"},
				"down": {"uv": [7, 9.75, 6.75, 10.5], "texture": "#1"}
			}
		},
		{
			"from": [7.24, 15.25098, 17.70636],
			"to": [8.76, 16.77098, 19.22636],
			"rotation": {"angle": 45, "axis": "x", "origin": [8, 16.01098, 18.46636]},
			"faces": {
				"north": {"uv": [7.5, 3, 8, 3.5], "texture": "#1"},
				"east": {"uv": [7, 8, 7.5, 8.5], "texture": "#1"},
				"south": {"uv": [9.75, 3.75, 10.25, 4.25], "texture": "#1"},
				"west": {"uv": [9.75, 4.25, 10.25, 4.75], "texture": "#1"},
				"up": {"uv": [10.25, 7.75, 9.75, 7.25], "texture": "#1"},
				"down": {"uv": [10.25, 7.75, 9.75, 8.25], "texture": "#1"}
			}
		}
	],
	"display": {
		"thirdperson_righthand": {
			"rotation": [75, 45, 0],
			"translation": [0, 2.5, 0],
			"scale": [0.375, 0.375, 0.375]
		},
		"thirdperson_lefthand": {
			"rotation": [75, 45, 0],
			"translation": [0, 2.5, 0],
			"scale": [0.375, 0.375, 0.375]
		},
		"firstperson_righthand": {
			"rotation": [0, 45, 0],
			"scale": [0.4, 0.4, 0.4]
		},
		"firstperson_lefthand": {
			"rotation": [0, 225, 0],
			"scale": [0.4, 0.4, 0.4]
		},
		"ground": {
			"translation": [0, 3, 0],
			"scale": [0.25, 0.25, 0.25]
		},
		"gui": {
			"rotation": [30, 225, 0],
			"translation": [0, -1.5, 0],
			"scale": [0.625, 0.625, 0.625]
		},
		"head": {
			"translation": [0, 6.5, 0],
			"scale": [1.25, 1.25, 1.25]
		},
		"fixed": {
			"rotation": [-90, 0, 0],
			"translation": [0, 0, -4.5],
			"scale": [1.75, 1.75, 1.75]
		}
	}
}