{
	"credit": "www.sebxter.pl",
	"texture_size": [64, 64],
	"textures": {
		"3": "item/flint/9"
	},
	"elements": [
		{
			"name": "Box1",
			"from": [2, 4, 2],
			"to": [14, 5, 14],
			"rotation": {"angle": 0, "axis": "y", "origin": [8, 4.5, 3]},
			"faces": {
				"north": {"uv": [9, 8.5, 12, 8.75], "texture": "#3"},
				"east": {"uv": [9, 8.75, 12, 9], "texture": "#3"},
				"south": {"uv": [1, 10, 4, 10.25], "texture": "#3"},
				"west": {"uv": [4, 10, 7, 10.25], "texture": "#3"},
				"up": {"uv": [3, 3, 0, 0], "texture": "#3"},
				"down": {"uv": [3, 3, 0, 6], "texture": "#3"}
			}
		},
		{
			"name": "Box3",
			"from": [4, 5, 4],
			"to": [12, 13, 12],
			"rotation": {"angle": 0, "axis": "y", "origin": [8, 5.5, 13]},
			"faces": {
				"north": {"uv": [3, 3, 5, 5], "texture": "#3"},
				"east": {"uv": [3, 0, 5, 2], "texture": "#3"},
				"south": {"uv": [3, 5, 5, 7], "texture": "#3"},
				"west": {"uv": [5, 5, 7, 7], "texture": "#3"},
				"up": {"uv": [7, 2, 5, 0], "texture": "#3"},
				"down": {"uv": [7, 2, 5, 4], "texture": "#3"}
			}
		},
		{
			"name": "Box3",
			"from": [4, 13, 4],
			"to": [7, 14.985, 12],
			"rotation": {"angle": -22.5, "axis": "z", "origin": [4, 13, 4]},
			"faces": {
				"north": {"uv": [10, 6.5, 10.75, 7], "texture": "#3"},
				"east": {"uv": [8, 5.5, 10, 6], "texture": "#3"},
				"south": {"uv": [10, 9.5, 10.75, 10], "texture": "#3"},
				"west": {"uv": [8, 6, 10, 6.5], "texture": "#3"},
				"up": {"uv": [1.75, 10, 1, 8], "texture": "#3"},
				"down": {"uv": [2.5, 8, 1.75, 10], "texture": "#3"}
			}
		},
		{
			"name": "Box4",
			"from": [9, 13, 4],
			"to": [12, 14.985, 12],
			"rotation": {"angle": 22.5, "axis": "z", "origin": [12, 13, 4]},
			"faces": {
				"north": {"uv": [5.5, 10.25, 6.25, 10.75], "texture": "#3"},
				"east": {"uv": [8, 6.5, 10, 7], "texture": "#3"},
				"south": {"uv": [6.25, 10.25, 7, 10.75], "texture": "#3"},
				"west": {"uv": [9, 9, 11, 9.5], "texture": "#3"},
				"up": {"uv": [3.25, 10, 2.5, 8], "texture": "#3"},
				"down": {"uv": [4, 8, 3.25, 10], "texture": "#3"}
			}
		},
		{
			"name": "Box4",
			"from": [4.775, 14.8275, 4],
			"to": [7.775, 16.8275, 12],
			"rotation": {"angle": -45, "axis": "z", "origin": [4.775, 14.85, 4]},
			"faces": {
				"north": {"uv": [10, 10.25, 10.75, 10.75], "texture": "#3"},
				"east": {"uv": [9, 3, 11, 3.5], "texture": "#3"},
				"south": {"uv": [9, 10.5, 9.75, 11], "texture": "#3"},
				"west": {"uv": [9, 3.5, 11, 4], "texture": "#3"},
				"up": {"uv": [4.75, 10, 4, 8], "texture": "#3"},
				"down": {"uv": [5.5, 8, 4.75, 10], "texture": "#3"}
			}
		},
		{
			"name": "Box5",
			"from": [8.225, 14.8275, 4],
			"to": [11.225, 16.8275, 12],
			"rotation": {"angle": 45, "axis": "z", "origin": [11.225, 14.85, 4]},
			"faces": {
				"north": {"uv": [10.5, 5.5, 11.25, 6], "texture": "#3"},
				"east": {"uv": [9, 7, 11, 7.5], "texture": "#3"},
				"south": {"uv": [10.5, 6, 11.25, 6.5], "texture": "#3"},
				"west": {"uv": [9, 7.5, 11, 8], "texture": "#3"},
				"up": {"uv": [6.25, 10, 5.5, 8], "texture": "#3"},
				"down": {"uv": [7, 8, 6.25, 10], "texture": "#3"}
			}
		},
		{
			"name": "Box5",
			"from": [6.17686, 12.2475, 4],
			"to": [9.82686, 16.2475, 12],
			"rotation": {"angle": 0, "axis": "z", "origin": [7.17686, 14.73054, 8]},
			"faces": {
				"north": {"uv": [9, 9.5, 10, 10.5], "texture": "#3"},
				"east": {"uv": [3, 2, 5, 3], "texture": "#3"},
				"south": {"uv": [0, 10, 1, 11], "texture": "#3"},
				"west": {"uv": [7, 3, 9, 4], "texture": "#3"},
				"up": {"uv": [8, 7, 7, 5], "texture": "#3"},
				"down": {"uv": [1, 8, 0, 10], "texture": "#3"}
			}
		},
		{
			"name": "Box4",
			"from": [2, 4, 2],
			"to": [3.5, 7.5, 14],
			"rotation": {"angle": 22.5, "axis": "z", "origin": [2, 4, 8]},
			"faces": {
				"north": {"uv": [10, 5.5, 10.5, 6.5], "texture": "#3"},
				"east": {"uv": [5, 4, 8, 5], "texture": "#3"},
				"south": {"uv": [2, 10.25, 2.5, 11.25], "texture": "#3"},
				"west": {"uv": [0, 6, 3, 7], "texture": "#3"},
				"up": {"uv": [7.5, 11, 7, 8], "texture": "#3"},
				"down": {"uv": [8, 8, 7.5, 11], "texture": "#3"}
			}
		},
		{
			"name": "Box5",
			"from": [2, 4, 2],
			"to": [14, 7.5, 3.5],
			"rotation": {"angle": -22.5, "axis": "x", "origin": [8, 4, 2]},
			"faces": {
				"north": {"uv": [0, 7, 3, 8], "texture": "#3"},
				"east": {"uv": [2.5, 10.25, 3, 11.25], "texture": "#3"},
				"south": {"uv": [3, 7, 6, 8], "texture": "#3"},
				"west": {"uv": [3, 10.25, 3.5, 11.25], "texture": "#3"},
				"up": {"uv": [11, 8.5, 8, 8], "texture": "#3"},
				"down": {"uv": [11, 4, 8, 4.5], "texture": "#3"}
			}
		},
		{
			"name": "Box6",
			"from": [2, 5.86481, 0.61421],
			"to": [14, 7.23981, 0.66421],
			"rotation": {"angle": 22.5, "axis": "x", "origin": [8, 7.11481, 0.63921]},
			"faces": {
				"north": {"uv": [10, 10, 13, 10.25], "texture": "#3"},
				"east": {"uv": [10, 2.75, 10.25, 3], "texture": "#3"},
				"south": {"uv": [10, 0, 13, 0.25], "texture": "#3"},
				"west": {"uv": [10.25, 2.75, 10.5, 3], "texture": "#3"},
				"up": {"uv": [13, 0.5, 10, 0.25], "texture": "#3"},
				"down": {"uv": [13, 0.5, 10, 0.75], "texture": "#3"}
			}
		},
		{
			"name": "Box7",
			"from": [15.33579, 5.86481, 2],
			"to": [15.38579, 7.23981, 14],
			"rotation": {"angle": 22.5, "axis": "z", "origin": [15.36079, 7.11481, 8]},
			"faces": {
				"north": {"uv": [9.75, 10.5, 10, 10.75], "texture": "#3"},
				"east": {"uv": [10, 0.75, 13, 1], "texture": "#3"},
				"south": {"uv": [10.5, 2.75, 10.75, 3], "texture": "#3"},
				"west": {"uv": [10, 1, 13, 1.25], "texture": "#3"},
				"up": {"uv": [1.25, 13.25, 1, 10.25], "texture": "#3"},
				"down": {"uv": [1.5, 10.25, 1.25, 13.25], "texture": "#3"}
			}
		},
		{
			"name": "Box7",
			"from": [2, 5.86481, 15.33579],
			"to": [14, 7.23981, 15.38579],
			"rotation": {"angle": -22.5, "axis": "x", "origin": [8, 7.11481, 15.36079]},
			"faces": {
				"north": {"uv": [10, 1.25, 13, 1.5], "texture": "#3"},
				"east": {"uv": [5.5, 10.75, 5.75, 11], "texture": "#3"},
				"south": {"uv": [10, 1.5, 13, 1.75], "texture": "#3"},
				"west": {"uv": [5.75, 10.75, 6, 11], "texture": "#3"},
				"up": {"uv": [13, 2, 10, 1.75], "texture": "#3"},
				"down": {"uv": [13, 2, 10, 2.25], "texture": "#3"}
			}
		},
		{
			"name": "Box8",
			"from": [0.61421, 5.86481, 2],
			"to": [0.66421, 7.23981, 14],
			"rotation": {"angle": -22.5, "axis": "z", "origin": [0.63921, 7.11481, 8]},
			"faces": {
				"north": {"uv": [6, 10.75, 6.25, 11], "texture": "#3"},
				"east": {"uv": [10, 2.25, 13, 2.5], "texture": "#3"},
				"south": {"uv": [6.25, 10.75, 6.5, 11], "texture": "#3"},
				"west": {"uv": [10, 2.5, 13, 2.75], "texture": "#3"},
				"up": {"uv": [1.75, 13.25, 1.5, 10.25], "texture": "#3"},
				"down": {"uv": [2, 10.25, 1.75, 13.25], "texture": "#3"}
			}
		},
		{
			"name": "Box5",
			"from": [12.5, 4, 2],
			"to": [14, 7.5, 14],
			"rotation": {"angle": -22.5, "axis": "z", "origin": [14, 4, 8]},
			"faces": {
				"north": {"uv": [3.5, 10.25, 4, 11.25], "texture": "#3"},
				"east": {"uv": [6, 7, 9, 8], "texture": "#3"},
				"south": {"uv": [4, 10.25, 4.5, 11.25], "texture": "#3"},
				"west": {"uv": [7, 0, 10, 1], "texture": "#3"},
				"up": {"uv": [8.5, 11.5, 8, 8.5], "texture": "#3"},
				"down": {"uv": [9, 8.5, 8.5, 11.5], "texture": "#3"}
			}
		},
		{
			"name": "Box6",
			"from": [2, 4, 12.5],
			"to": [14, 7.5, 14],
			"rotation": {"angle": 22.5, "axis": "x", "origin": [8, 4, 14]},
			"faces": {
				"north": {"uv": [7, 1, 10, 2], "texture": "#3"},
				"east": {"uv": [4.5, 10.25, 5, 11.25], "texture": "#3"},
				"south": {"uv": [7, 2, 10, 3], "texture": "#3"},
				"west": {"uv": [5, 10.25, 5.5, 11.25], "texture": "#3"},
				"up": {"uv": [11, 5, 8, 4.5], "texture": "#3"},
				"down": {"uv": [11, 5, 8, 5.5], "texture": "#3"}
			}
		}
	],
	"display": {
		"thirdperson_righthand": {
			"rotation": [75, 45, 0],
			"translation": [0, 2.5, 0],
			"scale": [0.375, 0.375, 0.375]
		},
		"thirdperson_lefthand": {
			"rotation": [75, 45, 0],
			"translation": [0, 2.5, 0],
			"scale": [0.375, 0.375, 0.375]
		},
		"firstperson_righthand": {
			"rotation": [0, 45, 0],
			"scale": [0.4, 0.4, 0.4]
		},
		"firstperson_lefthand": {
			"rotation": [0, 225, 0],
			"scale": [0.4, 0.4, 0.4]
		},
		"ground": {
			"translation": [0, 3, 0],
			"scale": [0.25, 0.25, 0.25]
		},
		"gui": {
			"rotation": [30, 225, 0],
			"translation": [0, -0.25, 0],
			"scale": [0.625, 0.625, 0.625]
		},
		"head": {
			"translation": [0, 8.75, 0],
			"scale": [1.25, 1.25, 1.25]
		},
		"fixed": {
			"rotation": [-90, 0, 0],
			"translation": [0, 0, -6.5],
			"scale": [1.75, 1.75, 1.75]
		}
	}
}