{
	"credit": "Made with Blockbench",
	"texture_size": [128, 128],
	"textures": {
		"0": "item/halloween_phantom_animated/ghost_halloween_texture",
		"1": "item/halloween_phantom_animated/ghost_halloween_animation",
		"particle": "item/halloween_phantom_animated/ghost_halloween_texture"
	},
	"elements": [
		{
			"from": [3, -2, 1.95],
			"to": [3, 9, 12.05],
			"rotation": {"angle": 0, "axis": "y", "origin": [9, -1, 2]},
			"faces": {
				"north": {"uv": [0, 0, 0, 1.375], "texture": "#missing"},
				"east": {"uv": [7.875, 14.625, 9.125, 16], "texture": "#0"},
				"south": {"uv": [0, 0, 0, 1.375], "texture": "#missing"},
				"west": {"uv": [9.125, 14.625, 7.875, 16], "texture": "#0"},
				"up": {"uv": [0, 0, 0, 1.25], "texture": "#missing"},
				"down": {"uv": [0, 0, 0, 1.25], "texture": "#missing"}
			}
		},
		{
			"from": [13, -2, 1.95],
			"to": [13, 9, 12.05],
			"rotation": {"angle": 0, "axis": "y", "origin": [7, -1, 2]},
			"faces": {
				"north": {"uv": [0, 0, 0, 1.375], "texture": "#missing"},
				"east": {"uv": [7.875, 14.625, 9.125, 16], "texture": "#0"},
				"south": {"uv": [0, 0, 0, 1.375], "texture": "#missing"},
				"west": {"uv": [9.125, 14.625, 7.875, 16], "texture": "#0"},
				"up": {"uv": [0, 0, 0, 1.25], "texture": "#missing"},
				"down": {"uv": [0, 0, 0, 1.25], "texture": "#missing"}
			}
		},
		{
			"from": [3, -2, 1.95],
			"to": [13, 9, 1.95],
			"rotation": {"angle": 0, "axis": "y", "origin": [8, 4.5, 7]},
			"faces": {
				"north": {"uv": [6.5625, 14.625, 7.8125, 16], "texture": "#0"},
				"east": {"uv": [0, 0, 0, 1.375], "texture": "#missing"},
				"south": {"uv": [6.5625, 14.625, 7.8125, 16], "texture": "#0"},
				"west": {"uv": [0, 0, 0, 1.375], "texture": "#missing"},
				"up": {"uv": [0, 0, 0, 1.25], "rotation": 90, "texture": "#missing"},
				"down": {"uv": [0, 0, 0, 1.25], "rotation": 270, "texture": "#missing"}
			}
		},
		{
			"from": [3, 0, 12.05],
			"to": [13, 9, 12.05],
			"rotation": {"angle": 0, "axis": "y", "origin": [8, 4.5, 7]},
			"faces": {
				"north": {"uv": [9.1875, 14.875, 10.4375, 16], "texture": "#0"},
				"east": {"uv": [0, 0, 0, 1.125], "texture": "#missing"},
				"south": {"uv": [9.1875, 14.875, 10.4375, 16], "texture": "#0"},
				"west": {"uv": [0, 0, 0, 1.125], "texture": "#missing"},
				"up": {"uv": [0, 0, 0, 1.25], "rotation": 90, "texture": "#missing"},
				"down": {"uv": [0, 0, 0, 1.25], "rotation": 270, "texture": "#missing"}
			}
		},
		{
			"from": [3, 13.1, 2],
			"to": [10, 13.1, 12],
			"rotation": {"angle": 45, "axis": "z", "origin": [8, 11.1, 7]},
			"faces": {
				"north": {"uv": [0, 0, 0.875, 0], "texture": "#missing"},
				"east": {"uv": [0, 0, 1.25, 0], "texture": "#missing"},
				"south": {"uv": [0, 0, 0.875, 0], "texture": "#missing"},
				"west": {"uv": [0, 0, 1.25, 0], "texture": "#missing"},
				"up": {"uv": [10.5, 14.75, 11.375, 16], "texture": "#0"},
				"down": {"uv": [10.5, 14.75, 11.375, 16], "texture": "#0"}
			}
		},
		{
			"from": [6, 13.1, 2],
			"to": [13, 13.1, 12],
			"rotation": {"angle": -45, "axis": "z", "origin": [8, 11.1, 7]},
			"faces": {
				"north": {"uv": [0.875, 0, 0, 0], "texture": "#missing"},
				"east": {"uv": [1.25, 0, 0, 0], "texture": "#missing"},
				"south": {"uv": [0.875, 0, 0, 0], "texture": "#missing"},
				"west": {"uv": [1.25, 0, 0, 0], "texture": "#missing"},
				"up": {"uv": [11.375, 14.75, 10.5, 16], "texture": "#0"},
				"down": {"uv": [11.375, 14.75, 10.5, 16], "texture": "#0"}
			}
		},
		{
			"from": [3, 6.1, 12],
			"to": [10, 13.1, 12],
			"rotation": {"angle": 45, "axis": "z", "origin": [8, 11.1, 7]},
			"faces": {
				"north": {"uv": [8.3125, 13.6875, 7.4375, 14.5625], "texture": "#0"},
				"east": {"uv": [0, 0, 0, 0.875], "texture": "#missing"},
				"south": {"uv": [7.4375, 13.6875, 8.3125, 14.5625], "texture": "#0"},
				"west": {"uv": [0, 0, 0, 0.875], "texture": "#missing"},
				"up": {"uv": [0, 0, 0.875, 0], "texture": "#missing"},
				"down": {"uv": [0, 0, 0.875, 0], "texture": "#missing"}
			}
		},
		{
			"from": [3, 6.1, 2],
			"to": [10, 13.1, 2],
			"rotation": {"angle": 45, "axis": "z", "origin": [8, 11.1, 7]},
			"faces": {
				"north": {"uv": [6.5625, 13.6875, 7.4375, 14.5625], "texture": "#0"},
				"east": {"uv": [0, 0, 0, 0.875], "texture": "#missing"},
				"south": {"uv": [7.4375, 13.6875, 6.5625, 14.5625], "texture": "#0"},
				"west": {"uv": [0, 0, 0, 0.875], "texture": "#missing"},
				"up": {"uv": [0, 0, 0.875, 0], "texture": "#missing"},
				"down": {"uv": [0, 0, 0.875, 0], "texture": "#missing"}
			}
		},
		{
			"from": [6.75, 8, 1.5],
			"to": [9.25, 12.5, 2.5],
			"rotation": {"angle": 0, "axis": "y", "origin": [8, 9.25, 2.5]},
			"faces": {
				"north": {"uv": [0.75, 5.125, 1.0625, 4.5625], "texture": "#0"},
				"east": {"uv": [1.0625, 4.5625, 1.1875, 5.125], "texture": "#0"},
				"south": {"uv": [0.75, 5.125, 1.0625, 4.5625], "texture": "#0"},
				"west": {"uv": [1.0625, 4.5625, 1.1875, 5.125], "texture": "#0"},
				"up": {"uv": [1.375, 2.3125, 1.5, 2], "rotation": 90, "texture": "#0"},
				"down": {"uv": [1.375, 2.3125, 1.5, 2], "rotation": 270, "texture": "#0"}
			}
		},
		{
			"from": [5.1, 8.5, 1.2],
			"to": [11.1, 19.5, 1.2],
			"rotation": {"angle": 0, "axis": "y", "origin": [8.1, 13.5, 1.2]},
			"faces": {
				"north": {"uv": [0, 0, 6, 11], "texture": "#1"},
				"east": {"uv": [0, 0, 0, 8], "texture": "#1"},
				"south": {"uv": [6, 0, 0, 11], "texture": "#1"},
				"west": {"uv": [0, 0, 0, 8], "texture": "#1"},
				"up": {"uv": [0, 6, 0, 0], "rotation": 90, "texture": "#1"},
				"down": {"uv": [0, 0, 0, 6], "rotation": 270, "texture": "#1"}
			}
		}
	],
	"gui_light": "front",
	"display": {
		"thirdperson_righthand": {
			"rotation": [42.76, 10.93, -4.97],
			"translation": [0, 4.75, 1],
			"scale": [0.6, 0.6, 0.6]
		},
		"thirdperson_lefthand": {
			"rotation": [42.76, 10.93, -4.97],
			"translation": [0, 4.75, 1],
			"scale": [0.6, 0.6, 0.6]
		},
		"firstperson_righthand": {
			"rotation": [5, 106, 0],
			"translation": [24.25, 1.75, -23.25],
			"scale": [1.73633, 1.73633, 1.73633]
		},
		"firstperson_lefthand": {
			"rotation": [5, 106, 0],
			"translation": [24.25, 1.75, -23.25],
			"scale": [1.73633, 1.73633, 1.73633]
		},
		"ground": {
			"rotation": [43, 35, 0],
			"translation": [0, 3.5, 0.75],
			"scale": [0.69, 0.69, 0.69]
		},
		"gui": {
			"rotation": [-2, 150, 0],
			"translation": [0.25, 0.75, 0],
			"scale": [0.73477, 0.73477, 0.73477]
		},
		"head": {
			"translation": [0, 6, 1.75],
			"scale": [1.57914, 1.73539, 1.57914]
		},
		"fixed": {
			"translation": [0.75, 2.25, -7.25],
			"scale": [1.61133, 1.61133, 1.61133]
		}
	},
	"groups": [
		{
			"name": "group",
			"origin": [1, 7.5, 5],
			"color": 0,
			"boneType": "",
			"children": []
		},
		0,
		1,
		2,
		3,
		4,
		5,
		6,
		7,
		8,
		9
	]
}