{
	"credit": "Made with Blockbench",
	"texture_size": [128, 128],
	"textures": {
		"0": "item/halloween_phantom_animated/ghost_halloween_texture",
		"2": "item/halloween_phantom_animated/ghost_halloween_animation2",
		"particle": "item/halloween_phantom_animated/ghost_halloween_texture"
	},
	"elements": [
		{
			"from": [8, 8.5, 6.25],
			"to": [10, 15, 9.75],
			"rotation": {"angle": 0, "axis": "y", "origin": [9.5, 10.25, 8]},
			"faces": {
				"north": {"uv": [0.75, 4.5625, 0.5, 5.375], "texture": "#0"},
				"east": {"uv": [0.5, 5.375, 0.0625, 4.5625], "texture": "#0"},
				"south": {"uv": [0.75, 4.5625, 0.5, 5.375], "texture": "#0"},
				"west": {"uv": [0.5, 5.375, 0.0625, 4.5625], "texture": "#0"},
				"up": {"uv": [1.625, 2, 1.375, 1.5625], "texture": "#0"},
				"down": {"uv": [1.625, 2.75, 1.375, 2.3125], "texture": "#0"}
			}
		},
		{
			"from": [9.5, 9.5, 6.75],
			"to": [10.5, 14, 9.25],
			"rotation": {"angle": 0, "axis": "y", "origin": [9.5, 10.75, 8]},
			"faces": {
				"north": {"uv": [1.1875, 4.5625, 1.0625, 5.125], "texture": "#0"},
				"east": {"uv": [1.0625, 5.125, 0.75, 4.5625], "texture": "#0"},
				"south": {"uv": [1.1875, 4.5625, 1.0625, 5.125], "texture": "#0"},
				"west": {"uv": [1.0625, 5.125, 0.75, 4.5625], "texture": "#0"},
				"up": {"uv": [1.5, 2.3125, 1.375, 2], "texture": "#0"},
				"down": {"uv": [1.5, 2.3125, 1.375, 2], "texture": "#0"}
			}
		},
		{
			"from": [6, 8.5, 6.25],
			"to": [8, 15, 9.75],
			"rotation": {"angle": 0, "axis": "y", "origin": [6.5, 10.25, 8]},
			"faces": {
				"north": {"uv": [0.5, 4.5625, 0.75, 5.375], "texture": "#0"},
				"east": {"uv": [0.0625, 5.375, 0.5, 4.5625], "texture": "#0"},
				"south": {"uv": [0.5, 4.5625, 0.75, 5.375], "texture": "#0"},
				"west": {"uv": [0.0625, 5.375, 0.5, 4.5625], "texture": "#0"},
				"up": {"uv": [1.375, 2, 1.625, 1.5625], "texture": "#0"},
				"down": {"uv": [1.375, 2.75, 1.625, 2.3125], "texture": "#0"}
			}
		},
		{
			"from": [5.5, 9.5, 6.75],
			"to": [6.5, 14, 9.25],
			"rotation": {"angle": 0, "axis": "y", "origin": [6.5, 10.75, 8]},
			"faces": {
				"north": {"uv": [1.0625, 4.5625, 1.1875, 5.125], "texture": "#0"},
				"east": {"uv": [0.75, 5.125, 1.0625, 4.5625], "texture": "#0"},
				"south": {"uv": [1.0625, 4.5625, 1.1875, 5.125], "texture": "#0"},
				"west": {"uv": [0.75, 5.125, 1.0625, 4.5625], "texture": "#0"},
				"up": {"uv": [1.375, 2.3125, 1.5, 2], "texture": "#0"},
				"down": {"uv": [1.375, 2.3125, 1.5, 2], "texture": "#0"}
			}
		},
		{
			"from": [6.5, -3.5, 6.5],
			"to": [9.5, -2, 9.5],
			"rotation": {"angle": 45, "axis": "y", "origin": [8, -3, 8]},
			"faces": {
				"north": {"uv": [2.1875, 1.75, 2.5625, 1.9375], "texture": "#0"},
				"east": {"uv": [2.5625, 1.75, 2.1875, 1.9375], "texture": "#0"},
				"south": {"uv": [2.1875, 1.75, 2.5625, 1.9375], "texture": "#0"},
				"west": {"uv": [2.5625, 1.75, 2.1875, 1.9375], "texture": "#0"},
				"up": {"uv": [2.5625, 1.375, 2.1875, 1.75], "rotation": 90, "texture": "#0"},
				"down": {"uv": [2.1875, 1.375, 2.5625, 1.75], "rotation": 90, "texture": "#0"}
			}
		},
		{
			"from": [6.5, 7.5, 6.5],
			"to": [9.5, 9, 9.5],
			"rotation": {"angle": 45, "axis": "y", "origin": [8, 8, 8]},
			"faces": {
				"north": {"uv": [2.1875, 1.75, 2.5625, 1.9375], "texture": "#0"},
				"east": {"uv": [2.5625, 1.75, 2.1875, 1.9375], "texture": "#0"},
				"south": {"uv": [2.1875, 1.75, 2.5625, 1.9375], "texture": "#0"},
				"west": {"uv": [2.5625, 1.75, 2.1875, 1.9375], "texture": "#0"},
				"up": {"uv": [2.5625, 1.375, 2.1875, 1.75], "rotation": 90, "texture": "#0"},
				"down": {"uv": [2.1875, 1.375, 2.5625, 1.75], "rotation": 90, "texture": "#0"}
			}
		},
		{
			"from": [6.75, -14, 6.75],
			"to": [9.25, -12.5, 9.25],
			"rotation": {"angle": 45, "axis": "y", "origin": [8, -14.5, 8]},
			"faces": {
				"north": {"uv": [2.1875, 1.9375, 2.5, 2.125], "texture": "#0"},
				"east": {"uv": [2.5, 1.9375, 2.1875, 2.125], "texture": "#0"},
				"south": {"uv": [2.1875, 1.9375, 2.5, 2.125], "texture": "#0"},
				"west": {"uv": [2.5, 1.9375, 2.1875, 2.125], "texture": "#0"}
			}
		},
		{
			"from": [6.5, -12.5, 6.5],
			"to": [9.5, -11, 9.5],
			"rotation": {"angle": 45, "axis": "y", "origin": [8, -11.5, 8]},
			"faces": {
				"north": {"uv": [2.1875, 2.5, 2.5625, 2.6875], "texture": "#0"},
				"east": {"uv": [2.1875, 2.5, 2.5625, 2.6875], "texture": "#0"},
				"south": {"uv": [2.1875, 2.5, 2.5625, 2.6875], "texture": "#0"},
				"west": {"uv": [2.1875, 2.5, 2.5625, 2.6875], "texture": "#0"},
				"up": {"uv": [2.1875, 2.125, 2.5625, 2.5], "texture": "#0"},
				"down": {"uv": [2.1875, 2.125, 2.5625, 2.5], "texture": "#0"}
			}
		},
		{
			"from": [6.25, -15.5, 6.25],
			"to": [9.75, -14, 9.75],
			"rotation": {"angle": 45, "axis": "y", "origin": [8, -14.75, 8]},
			"faces": {
				"north": {"uv": [2.1875, 2.6875, 2.625, 2.875], "texture": "#0"},
				"east": {"uv": [2.1875, 2.6875, 2.625, 2.875], "texture": "#0"},
				"south": {"uv": [2.1875, 2.6875, 2.625, 2.875], "texture": "#0"},
				"west": {"uv": [2.1875, 2.6875, 2.625, 2.875], "texture": "#0"},
				"up": {"uv": [2.1875, 2.875, 2.625, 3.3125], "texture": "#0"},
				"down": {"uv": [2.1875, 2.875, 2.625, 3.3125], "texture": "#0"}
			}
		},
		{
			"from": [7, -16, 7],
			"to": [9, 10, 9],
			"rotation": {"angle": 45, "axis": "y", "origin": [8, 4, 8]},
			"faces": {
				"north": {"uv": [2.875, 0, 2.625, 3.25], "texture": "#0"},
				"east": {"uv": [2.625, 0, 2.875, 3.25], "texture": "#0"},
				"south": {"uv": [2.875, 0, 2.625, 3.25], "texture": "#0"},
				"west": {"uv": [2.625, 0, 2.875, 3.25], "texture": "#0"},
				"up": {"uv": [2.1875, 3.125, 1.9375, 3.375], "texture": "#0"},
				"down": {"uv": [2.1875, 3.125, 1.9375, 3.375], "texture": "#0"}
			}
		},
		{
			"from": [7, 15, 7],
			"to": [9, 17.5, 9],
			"rotation": {"angle": 45, "axis": "y", "origin": [8, 12, 8]},
			"faces": {
				"north": {"uv": [4.25, 0, 4.5, 0.3125], "texture": "#0"},
				"east": {"uv": [4.5, 0, 4.25, 0.3125], "texture": "#0"},
				"south": {"uv": [4.25, 0, 4.5, 0.3125], "texture": "#0"},
				"west": {"uv": [4.5, 0, 4.25, 0.3125], "texture": "#0"},
				"up": {"uv": [4.5, 0.3125, 4.25, 0.5625], "texture": "#0"},
				"down": {"uv": [4.5, 0.3125, 4.25, 0.5625], "texture": "#0"}
			}
		},
		{
			"from": [7, 9.05, 3.5],
			"to": [9.1, 13.45, 5.6],
			"rotation": {"angle": 45, "axis": "y", "origin": [8, 11.25, 4.6]},
			"faces": {
				"north": {"uv": [1.4375, 4.375, 1.8125, 3.8125], "texture": "#0"},
				"east": {"uv": [1.8125, 4.375, 1.4375, 3.8125], "texture": "#0"},
				"south": {"uv": [1.4375, 4.375, 1.8125, 3.8125], "texture": "#0"},
				"west": {"uv": [1.4375, 4.375, 1.8125, 3.8125], "texture": "#0"},
				"up": {"uv": [1.375, 3, 1.625, 3.25], "rotation": 270, "texture": "#0"},
				"down": {"uv": [1.375, 2.75, 1.625, 3], "rotation": 270, "texture": "#0"}
			}
		},
		{
			"from": [7, 9.05, 10.4],
			"to": [9.1, 13.45, 12.5],
			"rotation": {"angle": -45, "axis": "y", "origin": [8, 11.25, 11.4]},
			"faces": {
				"north": {"uv": [1.8125, 4.375, 1.4375, 3.8125], "texture": "#0"},
				"east": {"uv": [1.4375, 4.375, 1.8125, 3.8125], "texture": "#0"},
				"south": {"uv": [1.8125, 4.375, 1.4375, 3.8125], "texture": "#0"},
				"west": {"uv": [1.8125, 4.375, 1.4375, 3.8125], "texture": "#0"},
				"up": {"uv": [1.625, 3, 1.375, 3.25], "rotation": 270, "texture": "#0"},
				"down": {"uv": [1.625, 2.75, 1.375, 3], "rotation": 270, "texture": "#0"}
			}
		},
		{
			"from": [6.5, 9, 4.5],
			"to": [9.5, 13.5, 11.5],
			"rotation": {"angle": 0, "axis": "y", "origin": [8, 3.88858, 8.0625]},
			"faces": {
				"north": {"uv": [1.4375, 3.25, 1.8125, 3.8125], "texture": "#0"},
				"east": {"uv": [1.8125, 4.5, 2.6875, 3.9375], "texture": "#0"},
				"south": {"uv": [1.4375, 3.25, 1.8125, 3.8125], "texture": "#0"},
				"west": {"uv": [1.8125, 4.5, 2.6875, 3.9375], "texture": "#0"},
				"up": {"uv": [0.3125, 3.8125, 1.1875, 4.1875], "rotation": 270, "texture": "#0"},
				"down": {"uv": [0.0625, 4.1875, 0.9375, 4.5625], "rotation": 270, "texture": "#0"}
			}
		},
		{
			"from": [8, -10.8, -4.5],
			"to": [8, 11.2, 8.5],
			"rotation": {"angle": 22.5, "axis": "x", "origin": [8, 0.2, 2]},
			"faces": {
				"north": {"uv": [0, 0, 0, 10], "rotation": 180, "texture": "#missing"},
				"east": {"uv": [0, 0, 6.5, 11], "rotation": 180, "texture": "#2"},
				"south": {"uv": [0, 0, 0, 10], "rotation": 180, "texture": "#missing"},
				"west": {"uv": [6.5, 0, 0, 11], "rotation": 180, "texture": "#2"},
				"up": {"uv": [0, 5, 0, 0], "texture": "#missing"},
				"down": {"uv": [0, 0, 0, 5], "texture": "#missing"}
			}
		},
		{
			"from": [7.2, 15.5, 3.5],
			"to": [8.7, 18, 12.5],
			"rotation": {"angle": 0, "axis": "y", "origin": [0, 4, 0]},
			"faces": {
				"north": {"uv": [2.1875, 6.125, 2, 6.4375], "texture": "#0"},
				"east": {"uv": [1.3125, 7.5625, 2.4375, 7.875], "texture": "#0"},
				"south": {"uv": [2.1875, 6.125, 2, 6.4375], "texture": "#0"},
				"west": {"uv": [1.3125, 7.25, 2.4375, 7.5625], "texture": "#0"},
				"up": {"uv": [1.3125, 7.875, 1.5, 9], "texture": "#0"},
				"down": {"uv": [1.3125, 7.875, 1.5, 9], "texture": "#0"}
			}
		},
		{
			"from": [9.05, 21.6, 11.1],
			"to": [10.05, 25.1, 12.5],
			"rotation": {"angle": 45, "axis": "z", "origin": [7, 17.8, 12]},
			"faces": {
				"north": {"uv": [2.3125, 6, 2.1875, 6.4375], "texture": "#0"},
				"east": {"uv": [2.5, 6, 2.3125, 6.4375], "texture": "#0"},
				"south": {"uv": [2.3125, 6, 2.1875, 6.4375], "texture": "#0"},
				"west": {"uv": [2.5, 6.4375, 2.3125, 6.875], "texture": "#0"},
				"up": {"uv": [2, 6.8125, 2.125, 6.625], "texture": "#0"},
				"down": {"uv": [2, 6.8125, 2.125, 6.625], "texture": "#0"}
			}
		},
		{
			"from": [7.15, 17.35, 11.05],
			"to": [8.65, 22.85, 12.55],
			"rotation": {"angle": 22.5, "axis": "z", "origin": [7.1, 17.8, 11.6]},
			"faces": {
				"north": {"uv": [1.6875, 7.875, 1.5, 8.5625], "texture": "#0"},
				"east": {"uv": [1.6875, 7.875, 1.875, 8.5625], "texture": "#0"},
				"south": {"uv": [1.6875, 7.875, 1.5, 8.5625], "texture": "#0"},
				"west": {"uv": [1.875, 7.875, 2.0625, 8.5625], "texture": "#0"},
				"up": {"uv": [2, 6.625, 2.1875, 6.4375], "texture": "#0"},
				"down": {"uv": [2, 6.625, 2.1875, 6.4375], "texture": "#0"}
			}
		},
		{
			"from": [9.05, 21.6, 3.5],
			"to": [10.05, 25.1, 4.9],
			"rotation": {"angle": 45, "axis": "z", "origin": [7, 17.8, 4]},
			"faces": {
				"north": {"uv": [2.1875, 6, 2.3125, 6.4375], "texture": "#0"},
				"east": {"uv": [2.3125, 6, 2.5, 6.4375], "texture": "#0"},
				"south": {"uv": [2.3125, 6, 2.1875, 6.4375], "texture": "#0"},
				"west": {"uv": [2.3125, 6.4375, 2.5, 6.875], "texture": "#0"},
				"up": {"uv": [2, 6.625, 2.125, 6.8125], "texture": "#0"},
				"down": {"uv": [2, 6.625, 2.125, 6.8125], "texture": "#0"}
			}
		},
		{
			"from": [7.15, 17.35, 3.45],
			"to": [8.65, 22.85, 4.95],
			"rotation": {"angle": 22.5, "axis": "z", "origin": [7.1, 17.8, 4.4]},
			"faces": {
				"north": {"uv": [1.5, 7.875, 1.6875, 8.5625], "texture": "#0"},
				"east": {"uv": [1.875, 7.875, 1.6875, 8.5625], "texture": "#0"},
				"south": {"uv": [1.6875, 7.875, 1.5, 8.5625], "texture": "#0"},
				"west": {"uv": [2.0625, 7.875, 1.875, 8.5625], "texture": "#0"},
				"up": {"uv": [2, 6.4375, 2.1875, 6.625], "texture": "#0"},
				"down": {"uv": [2, 6.4375, 2.1875, 6.625], "texture": "#0"}
			}
		},
		{
			"from": [9.05, 21.6, 7.3],
			"to": [10.05, 25.1, 8.7],
			"rotation": {"angle": 45, "axis": "z", "origin": [7, 17.8, 7.8]},
			"faces": {
				"north": {"uv": [2.1875, 6, 2.3125, 6.4375], "texture": "#0"},
				"east": {"uv": [2.3125, 6, 2.5, 6.4375], "texture": "#0"},
				"south": {"uv": [2.3125, 6, 2.1875, 6.4375], "texture": "#0"},
				"west": {"uv": [2.3125, 6.4375, 2.5, 6.875], "texture": "#0"},
				"up": {"uv": [2, 6.625, 2.125, 6.8125], "texture": "#0"},
				"down": {"uv": [2, 6.625, 2.125, 6.8125], "texture": "#0"}
			}
		},
		{
			"from": [7.15, 17.35, 7.25],
			"to": [8.65, 22.85, 8.75],
			"rotation": {"angle": 22.5, "axis": "z", "origin": [7.1, 17.8, 8.1]},
			"faces": {
				"north": {"uv": [1.5, 7.875, 1.6875, 8.5625], "texture": "#0"},
				"east": {"uv": [1.875, 7.875, 1.6875, 8.5625], "texture": "#0"},
				"south": {"uv": [1.6875, 7.875, 1.5, 8.5625], "texture": "#0"},
				"west": {"uv": [2.0625, 7.875, 1.875, 8.5625], "texture": "#0"},
				"up": {"uv": [2, 6.4375, 2.1875, 6.625], "texture": "#0"},
				"down": {"uv": [2, 6.4375, 2.1875, 6.625], "texture": "#0"}
			}
		}
	],
	"gui_light": "front",
	"display": {
		"thirdperson_righthand": {
			"translation": [0, 4.25, 1],
			"scale": [0.5, 0.5, 0.5]
		},
		"thirdperson_lefthand": {
			"rotation": [0, 180, 0],
			"translation": [0, 5, 1],
			"scale": [0.6, 0.6, 0.6]
		},
		"firstperson_righthand": {
			"rotation": [-24, -84, -10],
			"translation": [2.75, 2.75, -0.75],
			"scale": [0.5, 0.5, 0.5]
		},
		"firstperson_lefthand": {
			"rotation": [-20, 91, -2],
			"translation": [2.75, 2.75, -0.75],
			"scale": [0.5, 0.5, 0.5]
		},
		"ground": {
			"rotation": [180, 0, 90],
			"translation": [-4.75, 0.25, 0],
			"scale": [0.5, 0.5, 0.5]
		},
		"gui": {
			"rotation": [39, 135, -64],
			"translation": [-1.25, 1, -1.25],
			"scale": [0.45, 0.45, 0.45]
		},
		"head": {
			"rotation": [90, -168, 90],
			"translation": [-0.5, 11.75, 0],
			"scale": [0.56, 0.56, 0.56]
		},
		"fixed": {
			"rotation": [0, 90, 0],
			"translation": [0, 4, -2.25],
			"scale": [1.07898, 1.07898, 1.07898]
		}
	}
}