{
	"credit": "Made with Blockbench",
	"texture_size": [128, 128],
	"textures": {
		"0": "item/halloween_phantom_animated/ghost_halloween_texture",
		"1": "item/halloween_phantom_animated/ghost_halloween_animation",
		"2": "item/halloween_phantom_animated/ghost_halloween_animation2",
		"particle": "item/halloween_phantom_animated/ghost_halloween_texture"
	},
	"elements": [
		{
			"from": [8, 8.5, 6.25],
			"to": [10, 15, 9.75],
			"rotation": {"angle": 0, "axis": "y", "origin": [9.5, 10.25, 8]},
			"faces": {
				"north": {"uv": [0.75, 4.5625, 0.5, 5.375], "texture": "#0"},
				"east": {"uv": [0.5, 5.375, 0.0625, 4.5625], "texture": "#0"},
				"south": {"uv": [0.75, 4.5625, 0.5, 5.375], "texture": "#0"},
				"west": {"uv": [0.5, 5.375, 0.0625, 4.5625], "texture": "#0"},
				"up": {"uv": [1.625, 2, 1.375, 1.5625], "texture": "#0"},
				"down": {"uv": [1.625, 2.75, 1.375, 2.3125], "texture": "#0"}
			}
		},
		{
			"from": [9.5, 9.5, 6.75],
			"to": [10.5, 14, 9.25],
			"rotation": {"angle": 0, "axis": "y", "origin": [9.5, 10.75, 8]},
			"faces": {
				"north": {"uv": [1.1875, 4.5625, 1.0625, 5.125], "texture": "#0"},
				"east": {"uv": [1.0625, 5.125, 0.75, 4.5625], "texture": "#0"},
				"south": {"uv": [1.1875, 4.5625, 1.0625, 5.125], "texture": "#0"},
				"west": {"uv": [1.0625, 5.125, 0.75, 4.5625], "texture": "#0"},
				"up": {"uv": [1.5, 2.3125, 1.375, 2], "texture": "#0"},
				"down": {"uv": [1.5, 2.3125, 1.375, 2], "texture": "#0"}
			}
		},
		{
			"from": [6, 8.5, 6.25],
			"to": [8, 15, 9.75],
			"rotation": {"angle": 0, "axis": "y", "origin": [6.5, 10.25, 8]},
			"faces": {
				"north": {"uv": [0.5, 4.5625, 0.75, 5.375], "texture": "#0"},
				"east": {"uv": [0.0625, 5.375, 0.5, 4.5625], "texture": "#0"},
				"south": {"uv": [0.5, 4.5625, 0.75, 5.375], "texture": "#0"},
				"west": {"uv": [0.0625, 5.375, 0.5, 4.5625], "texture": "#0"},
				"up": {"uv": [1.375, 2, 1.625, 1.5625], "texture": "#0"},
				"down": {"uv": [1.375, 2.75, 1.625, 2.3125], "texture": "#0"}
			}
		},
		{
			"from": [5.5, 9.5, 6.75],
			"to": [6.5, 14, 9.25],
			"rotation": {"angle": 0, "axis": "y", "origin": [6.5, 10.75, 8]},
			"faces": {
				"north": {"uv": [1.0625, 4.5625, 1.1875, 5.125], "texture": "#0"},
				"east": {"uv": [0.75, 5.125, 1.0625, 4.5625], "texture": "#0"},
				"south": {"uv": [1.0625, 4.5625, 1.1875, 5.125], "texture": "#0"},
				"west": {"uv": [0.75, 5.125, 1.0625, 4.5625], "texture": "#0"},
				"up": {"uv": [1.375, 2.3125, 1.5, 2], "texture": "#0"},
				"down": {"uv": [1.375, 2.3125, 1.5, 2], "texture": "#0"}
			}
		},
		{
			"from": [7.1, 13.45, 10.5],
			"to": [9.1, 17.85, 12.5],
			"rotation": {"angle": -45, "axis": "y", "origin": [8, 15.65, 11.4]},
			"faces": {
				"north": {"uv": [3.125, 5.175, 3.375, 4.625], "texture": "#0"},
				"east": {"uv": [2.875, 5.175, 3.125, 4.625], "texture": "#0"},
				"south": {"uv": [3.125, 5.175, 2.875, 4.625], "texture": "#0"},
				"west": {"uv": [3.375, 5.175, 3.125, 4.625], "texture": "#0"},
				"up": {"uv": [2.625, 4.5, 2.375, 4.75], "rotation": 270, "texture": "#0"},
				"down": {"uv": [2.625, 4.5, 2.375, 4.75], "rotation": 270, "texture": "#0"}
			}
		},
		{
			"from": [7.1, 13.45, 3.5],
			"to": [9.1, 17.85, 5.5],
			"rotation": {"angle": 45, "axis": "y", "origin": [8, 15.65, 4.6]},
			"faces": {
				"north": {"uv": [2.875, 5.175, 3.125, 4.625], "texture": "#0"},
				"east": {"uv": [2.875, 5.175, 3.125, 4.625], "texture": "#0"},
				"south": {"uv": [3.375, 5.175, 3.125, 4.625], "texture": "#0"},
				"west": {"uv": [3.125, 5.175, 3.375, 4.625], "texture": "#0"},
				"up": {"uv": [2.375, 4.5, 2.625, 4.75], "rotation": 270, "texture": "#0"},
				"down": {"uv": [2.375, 4.5, 2.625, 4.75], "rotation": 270, "texture": "#0"}
			}
		},
		{
			"from": [6.5, -3.5, 6.5],
			"to": [9.5, -2, 9.5],
			"rotation": {"angle": 45, "axis": "y", "origin": [8, -3, 8]},
			"faces": {
				"north": {"uv": [2.1875, 1.75, 2.5625, 1.9375], "texture": "#0"},
				"east": {"uv": [2.5625, 1.75, 2.1875, 1.9375], "texture": "#0"},
				"south": {"uv": [2.1875, 1.75, 2.5625, 1.9375], "texture": "#0"},
				"west": {"uv": [2.5625, 1.75, 2.1875, 1.9375], "texture": "#0"},
				"up": {"uv": [2.5625, 1.375, 2.1875, 1.75], "rotation": 90, "texture": "#0"},
				"down": {"uv": [2.1875, 1.375, 2.5625, 1.75], "rotation": 90, "texture": "#0"}
			}
		},
		{
			"from": [6.5, 7.5, 6.5],
			"to": [9.5, 9, 9.5],
			"rotation": {"angle": 45, "axis": "y", "origin": [8, 8, 8]},
			"faces": {
				"north": {"uv": [2.1875, 1.75, 2.5625, 1.9375], "texture": "#0"},
				"east": {"uv": [2.5625, 1.75, 2.1875, 1.9375], "texture": "#0"},
				"south": {"uv": [2.1875, 1.75, 2.5625, 1.9375], "texture": "#0"},
				"west": {"uv": [2.5625, 1.75, 2.1875, 1.9375], "texture": "#0"},
				"up": {"uv": [2.5625, 1.375, 2.1875, 1.75], "rotation": 90, "texture": "#0"},
				"down": {"uv": [2.1875, 1.375, 2.5625, 1.75], "rotation": 90, "texture": "#0"}
			}
		},
		{
			"from": [6.75, -14, 6.75],
			"to": [9.25, -12.5, 9.25],
			"rotation": {"angle": 45, "axis": "y", "origin": [8, -14.5, 8]},
			"faces": {
				"north": {"uv": [2.1875, 1.9375, 2.5, 2.125], "texture": "#0"},
				"east": {"uv": [2.5, 1.9375, 2.1875, 2.125], "texture": "#0"},
				"south": {"uv": [2.1875, 1.9375, 2.5, 2.125], "texture": "#0"},
				"west": {"uv": [2.5, 1.9375, 2.1875, 2.125], "texture": "#0"}
			}
		},
		{
			"from": [6.5, -12.5, 6.5],
			"to": [9.5, -11, 9.5],
			"rotation": {"angle": 45, "axis": "y", "origin": [8, -11.5, 8]},
			"faces": {
				"north": {"uv": [2.1875, 2.5, 2.5625, 2.6875], "texture": "#0"},
				"east": {"uv": [2.1875, 2.5, 2.5625, 2.6875], "texture": "#0"},
				"south": {"uv": [2.1875, 2.5, 2.5625, 2.6875], "texture": "#0"},
				"west": {"uv": [2.1875, 2.5, 2.5625, 2.6875], "texture": "#0"},
				"up": {"uv": [2.1875, 2.125, 2.5625, 2.5], "texture": "#0"},
				"down": {"uv": [2.1875, 2.125, 2.5625, 2.5], "texture": "#0"}
			}
		},
		{
			"from": [6.5, 15, 5],
			"to": [6.5, 26, 11],
			"rotation": {"angle": 0, "axis": "y", "origin": [6.5, 20.5, 8]},
			"faces": {
				"north": {"uv": [0, 0, 0, 8], "texture": "#1"},
				"east": {"uv": [6, 0, 0, 11], "texture": "#1"},
				"south": {"uv": [0, 0, 0, 8], "texture": "#1"},
				"west": {"uv": [0, 0, 6, 11], "texture": "#1"},
				"up": {"uv": [0, 6, 0, 0], "texture": "#1"},
				"down": {"uv": [0, 0, 0, 6], "texture": "#1"}
			}
		},
		{
			"from": [9.5, 15, 5],
			"to": [9.5, 26, 11],
			"rotation": {"angle": 0, "axis": "y", "origin": [9.5, 20.5, 8]},
			"faces": {
				"north": {"uv": [0, 0, 0, 8], "texture": "#1"},
				"east": {"uv": [6, 0, 0, 11], "texture": "#1"},
				"south": {"uv": [0, 0, 0, 8], "texture": "#1"},
				"west": {"uv": [0, 0, 6, 11], "texture": "#1"},
				"up": {"uv": [0, 6, 0, 0], "texture": "#1"},
				"down": {"uv": [0, 0, 0, 6], "texture": "#1"}
			}
		},
		{
			"from": [7.55, 23.9, 5],
			"to": [8.45, 28.9, 10],
			"rotation": {"angle": 45, "axis": "x", "origin": [8.1, 25.9, 8]},
			"faces": {
				"north": {"uv": [1.75, 6.125, 1.875, 6.75], "texture": "#0"},
				"east": {"uv": [1.75, 6.125, 1.125, 6.75], "texture": "#0"},
				"south": {"uv": [1.875, 6.125, 2, 6.75], "texture": "#0"},
				"west": {"uv": [1.125, 6.125, 1.75, 6.75], "texture": "#0"},
				"up": {"uv": [1.75, 6.125, 1.875, 6.75], "texture": "#0"},
				"down": {"uv": [1.875, 6.125, 2, 6.75], "texture": "#0"}
			}
		},
		{
			"from": [7.5, 13, 6],
			"to": [8.5, 27, 10],
			"rotation": {"angle": 0, "axis": "y", "origin": [-0.5, 2, 3]},
			"faces": {
				"north": {"uv": [0.5, 7, 0.625, 8.75], "texture": "#0"},
				"east": {"uv": [0, 7, 0.5, 8.75], "texture": "#0"},
				"south": {"uv": [0.5, 7, 0.625, 8.75], "texture": "#0"},
				"west": {"uv": [0.5, 7, 0, 8.75], "texture": "#0"},
				"up": {"uv": [2.5, 0, 2.625, 0.5], "texture": "#0"},
				"down": {"uv": [2.5, 0, 2.625, 0.5], "texture": "#0"}
			}
		},
		{
			"from": [7.55, 13.5, 9.7],
			"to": [8.25, 26.5, 10.4],
			"rotation": {"angle": -45, "axis": "y", "origin": [8, 16.5, 10.15]},
			"faces": {
				"north": {"uv": [0.75, 7, 0.6875, 8.625], "texture": "#0"},
				"east": {"uv": [0.75, 7, 0.6875, 8.625], "texture": "#0"},
				"south": {"uv": [0.75, 7, 0.6875, 8.625], "texture": "#0"},
				"west": {"uv": [0.75, 7, 0.6875, 8.625], "texture": "#0"},
				"up": {"uv": [0.6875, 7, 0.625, 7.0625], "texture": "#0"},
				"down": {"uv": [0.6875, 7, 0.625, 7.0625], "texture": "#0"}
			}
		},
		{
			"from": [7.55, 13.5, 5.6],
			"to": [8.25, 26.5, 6.3],
			"rotation": {"angle": 45, "axis": "y", "origin": [8, 16.5, 5.85]},
			"faces": {
				"north": {"uv": [0.625, 7, 0.6875, 8.625], "texture": "#0"},
				"east": {"uv": [0.625, 7, 0.6875, 8.625], "texture": "#0"},
				"south": {"uv": [0.625, 7, 0.6875, 8.625], "texture": "#0"},
				"west": {"uv": [0.625, 7, 0.6875, 8.625], "texture": "#0"},
				"up": {"uv": [0.6875, 7.0625, 0.625, 7], "texture": "#0"},
				"down": {"uv": [0.6875, 7.0625, 0.625, 7], "texture": "#0"}
			}
		},
		{
			"from": [6.25, -15.5, 6.25],
			"to": [9.75, -14, 9.75],
			"rotation": {"angle": 45, "axis": "y", "origin": [8, -14.75, 8]},
			"faces": {
				"north": {"uv": [2.1875, 2.6875, 2.625, 2.875], "texture": "#0"},
				"east": {"uv": [2.1875, 2.6875, 2.625, 2.875], "texture": "#0"},
				"south": {"uv": [2.1875, 2.6875, 2.625, 2.875], "texture": "#0"},
				"west": {"uv": [2.1875, 2.6875, 2.625, 2.875], "texture": "#0"},
				"up": {"uv": [2.1875, 2.875, 2.625, 3.3125], "texture": "#0"},
				"down": {"uv": [2.1875, 2.875, 2.625, 3.3125], "texture": "#0"}
			}
		},
		{
			"from": [7, -16, 7],
			"to": [9, 10, 9],
			"rotation": {"angle": 45, "axis": "y", "origin": [8, 4, 8]},
			"faces": {
				"north": {"uv": [2.875, 0, 2.625, 3.25], "texture": "#0"},
				"east": {"uv": [2.625, 0, 2.875, 3.25], "texture": "#0"},
				"south": {"uv": [2.875, 0, 2.625, 3.25], "texture": "#0"},
				"west": {"uv": [2.625, 0, 2.875, 3.25], "texture": "#0"},
				"up": {"uv": [2.1875, 3.125, 1.9375, 3.375], "texture": "#0"},
				"down": {"uv": [2.1875, 3.125, 1.9375, 3.375], "texture": "#0"}
			}
		},
		{
			"from": [7, 15, 7],
			"to": [9, 17.5, 9],
			"rotation": {"angle": 45, "axis": "y", "origin": [8, 12, 8]},
			"faces": {
				"north": {"uv": [4.25, 0, 4.5, 0.3125], "texture": "#0"},
				"east": {"uv": [4.5, 0, 4.25, 0.3125], "texture": "#0"},
				"south": {"uv": [4.25, 0, 4.5, 0.3125], "texture": "#0"},
				"west": {"uv": [4.5, 0, 4.25, 0.3125], "texture": "#0"},
				"up": {"uv": [4.5, 0.3125, 4.25, 0.5625], "texture": "#0"},
				"down": {"uv": [4.5, 0.3125, 4.25, 0.5625], "texture": "#0"}
			}
		},
		{
			"from": [7, 9.05, 3.5],
			"to": [9.1, 13.45, 5.6],
			"rotation": {"angle": 45, "axis": "y", "origin": [8, 11.25, 4.6]},
			"faces": {
				"north": {"uv": [1.4375, 4.375, 1.8125, 3.8125], "texture": "#0"},
				"east": {"uv": [1.8125, 4.375, 1.4375, 3.8125], "texture": "#0"},
				"south": {"uv": [1.4375, 4.375, 1.8125, 3.8125], "texture": "#0"},
				"west": {"uv": [1.4375, 4.375, 1.8125, 3.8125], "texture": "#0"},
				"up": {"uv": [1.375, 3, 1.625, 3.25], "rotation": 270, "texture": "#0"},
				"down": {"uv": [1.375, 2.75, 1.625, 3], "rotation": 270, "texture": "#0"}
			}
		},
		{
			"from": [7, 9.05, 10.4],
			"to": [9.1, 13.45, 12.5],
			"rotation": {"angle": -45, "axis": "y", "origin": [8, 11.25, 11.4]},
			"faces": {
				"north": {"uv": [1.8125, 4.375, 1.4375, 3.8125], "texture": "#0"},
				"east": {"uv": [1.4375, 4.375, 1.8125, 3.8125], "texture": "#0"},
				"south": {"uv": [1.8125, 4.375, 1.4375, 3.8125], "texture": "#0"},
				"west": {"uv": [1.8125, 4.375, 1.4375, 3.8125], "texture": "#0"},
				"up": {"uv": [1.625, 3, 1.375, 3.25], "rotation": 270, "texture": "#0"},
				"down": {"uv": [1.625, 2.75, 1.375, 3], "rotation": 270, "texture": "#0"}
			}
		},
		{
			"from": [8, -10.8, -4.5],
			"to": [8, 11.2, 8.5],
			"rotation": {"angle": 22.5, "axis": "x", "origin": [8, 0.2, 2]},
			"faces": {
				"north": {"uv": [0, 0, 0, 10], "rotation": 180, "texture": "#2"},
				"east": {"uv": [0, 0, 6.5, 11], "rotation": 180, "texture": "#2"},
				"south": {"uv": [0, 0, 0, 10], "rotation": 180, "texture": "#2"},
				"west": {"uv": [6.5, 0, 0, 11], "rotation": 180, "texture": "#2"},
				"up": {"uv": [0, 5, 0, 0], "texture": "#2"},
				"down": {"uv": [0, 0, 0, 5], "texture": "#2"}
			}
		},
		{
			"from": [6.5, 9, 4.5],
			"to": [9.5, 13.5, 11.5],
			"rotation": {"angle": 0, "axis": "y", "origin": [8, 3.88858, 8.0625]},
			"faces": {
				"north": {"uv": [1.4375, 3.25, 1.8125, 3.8125], "texture": "#0"},
				"east": {"uv": [1.8125, 4.5, 2.6875, 3.9375], "texture": "#0"},
				"south": {"uv": [1.4375, 3.25, 1.8125, 3.8125], "texture": "#0"},
				"west": {"uv": [1.8125, 4.5, 2.6875, 3.9375], "texture": "#0"},
				"up": {"uv": [0.3125, 3.8125, 1.1875, 4.1875], "rotation": 270, "texture": "#0"},
				"down": {"uv": [0.0625, 4.1875, 0.9375, 4.5625], "rotation": 270, "texture": "#0"}
			}
		}
	],
	"gui_light": "front",
	"display": {
		"thirdperson_righthand": {
			"translation": [0, 6, 1.25],
			"scale": [0.6, 0.6, 0.6]
		},
		"thirdperson_lefthand": {
			"translation": [0, 6, 1.25],
			"scale": [0.6, 0.6, 0.6]
		},
		"firstperson_righthand": {
			"rotation": [-18, 10, 6],
			"translation": [7, 5.25, -5],
			"scale": [0.6, 0.6, 0.6]
		},
		"firstperson_lefthand": {
			"rotation": [-18, 10, 6],
			"translation": [7, 5.25, -5],
			"scale": [0.6, 0.6, 0.6]
		},
		"ground": {
			"rotation": [0, 0, 88],
			"translation": [-2, 2.5, 0.25],
			"scale": [0.45, 0.45, 0.45]
		},
		"gui": {
			"rotation": [-90, -135, -90],
			"translation": [-0.5, 0.5, -1.5],
			"scale": [0.5, 0.5, 0.5]
		},
		"head": {
			"rotation": [90, -156, 90],
			"translation": [-6.5, 10.5, 1.75],
			"scale": [0.6, 0.6, 0.6]
		},
		"fixed": {
			"rotation": [-90, -90, -90],
			"translation": [0, 2.75, -1.75],
			"scale": [1.2, 1.2, 1.2]
		}
	}
}