{
	"providers": [
		{"type": "bitmap", "file": "minecraft:font/gui/pixel.png","ascent": -2000,"height": -3, "chars": [""]},
		{"type": "bitmap", "file": "minecraft:font/gui/stash.png","ascent": 21,"height": 146, "chars": [""]},

		{"type": "bitmap", "file": "minecraft:font/ranks/owner.png","ascent": 7,"height": 7, "chars": [""]},
		{"type": "bitmap", "file": "minecraft:font/ranks/manager.png","ascent": 7,"height": 7, "chars": [""]},
		{"type": "bitmap", "file": "minecraft:font/ranks/developer.png","ascent": 7,"height": 7, "chars": [""]},
		{"type": "bitmap", "file": "minecraft:font/ranks/sradmin.png","ascent": 7,"height": 7, "chars": [""]},
		{"type": "bitmap", "file": "minecraft:font/ranks/admin.png","ascent": 7,"height": 7, "chars": [""]},
		{"type": "bitmap", "file": "minecraft:font/ranks/srmod.png","ascent": 7,"height": 7, "chars": [""]},
		{"type": "bitmap", "file": "minecraft:font/ranks/mod.png","ascent": 7,"height": 7, "chars": [""]},
		{"type": "bitmap", "file": "minecraft:font/ranks/srhelper.png","ascent": 7,"height": 7, "chars": [""]},
		{"type": "bitmap", "file": "minecraft:font/ranks/helper.png","ascent": 7,"height": 7, "chars": [""]},

		{"type": "bitmap", "file": "minecraft:font/rarities/common.png","ascent": 7,"height": 7, "chars": [""]},
		{"type": "bitmap", "file": "minecraft:font/rarities/rare.png","ascent": 7,"height": 7, "chars": [""]},
		{"type": "bitmap", "file": "minecraft:font/rarities/legendary.png","ascent": 7,"height": 7, "chars": [""]},
		{"type": "bitmap", "file": "minecraft:font/rarities/mythical.png","ascent": 7,"height": 7, "chars": [""]},

		{"type": "bitmap", "file": "minecraft:font/rarities/normal.png","ascent": 7,"height": 7, "chars": [""]},
		{"type": "bitmap", "file": "minecraft:font/rarities/jackpot.png","ascent": 7,"height": 7, "chars": [""]},





		{"type": "bitmap", "file": "minecraft:font/icons/orange.png","ascent": 7,"height": 7, "chars": [""]},
		{"type": "bitmap", "file": "minecraft:font/icons/yellow.png","ascent": 7,"height": 7, "chars": [""]},
		{"type": "bitmap", "file": "minecraft:font/icons/red.png","ascent": 7,"height": 7, "chars": [""]},
		{"type": "bitmap", "file": "minecraft:font/icons/green.png","ascent": 7,"height": 7, "chars": [""]},
		{"type": "bitmap", "file": "minecraft:font/icons/pink.png","ascent": 7,"height": 7, "chars": [""]},
		{"type": "bitmap", "file": "minecraft:font/icons/blue.png","ascent": 7,"height": 7, "chars": [""]}
	]
}