{
	"providers": [
		{"type": "bitmap", "file": "minecraft:font/pixel.png","ascent": -2000,"height": -3, "chars": [""]},
		{"type": "bitmap", "file": "minecraft:font/stash.png","ascent": 25,"height": 256, "chars": [""]},
		{"type": "bitmap", "file": "minecraft:font/tool_upgrades.png","ascent": 25,"height": 256, "chars": [""]},
		{"type": "bitmap", "file": "minecraft:font/tool_abilities.png","ascent": 25,"height": 256, "chars": [""]},
		{"type": "bitmap", "file": "minecraft:font/tool_crystals.png","ascent": 25,"height": 256, "chars": [""]},
		{"type": "bitmap", "file": "minecraft:font/crystal_tinker.png","ascent": 25,"height": 256, "chars": [""]},
		{"type": "bitmap", "file": "minecraft:font/spirits_backpack.png","ascent": 25,"height": 256, "chars": [""]},
		{"type": "bitmap", "file": "minecraft:font/spirits.png","ascent": 25,"height": 256, "chars": [""]},
		{"type": "bitmap", "file": "minecraft:font/spirit_upgrades.png","ascent": 25,"height": 256, "chars": [""]},
		{"type": "bitmap", "file": "minecraft:font/spirit_sacrifice.png","ascent": 25,"height": 256, "chars": [""]},
		{"type": "bitmap", "file": "minecraft:font/spirit_traits.png","ascent": 25,"height": 256, "chars": [""]},
		{"type": "bitmap", "file": "minecraft:font/trait_index.png","ascent": 25,"height": 256, "chars": [""]},
		{"type": "bitmap", "file": "minecraft:font/milestones.png","ascent": 25,"height": 256, "chars": [""]},



		{"type": "bitmap", "file": "minecraft:font/ranks/owner.png","ascent": 7,"height": 7, "chars": [""]},
		{"type": "bitmap", "file": "minecraft:font/ranks/manager.png","ascent": 7,"height": 7, "chars": [""]},
		{"type": "bitmap", "file": "minecraft:font/ranks/developer.png","ascent": 7,"height": 7, "chars": [""]},
		{"type": "bitmap", "file": "minecraft:font/ranks/sradmin.png","ascent": 7,"height": 7, "chars": [""]},
		{"type": "bitmap", "file": "minecraft:font/ranks/admin.png","ascent": 7,"height": 7, "chars": [""]},
		{"type": "bitmap", "file": "minecraft:font/ranks/srmod.png","ascent": 7,"height": 7, "chars": [""]},
		{"type": "bitmap", "file": "minecraft:font/ranks/mod.png","ascent": 7,"height": 7, "chars": [""]},
		{"type": "bitmap", "file": "minecraft:font/ranks/srhelper.png","ascent": 7,"height": 7, "chars": [""]},
		{"type": "bitmap", "file": "minecraft:font/ranks/helper.png","ascent": 7,"height": 7, "chars": [""]},

		{"type": "bitmap", "file": "minecraft:font/rarities/common.png","ascent": 7,"height": 7, "chars": [""]},
		{"type": "bitmap", "file": "minecraft:font/rarities/rare.png","ascent": 7,"height": 7, "chars": [""]},
		{"type": "bitmap", "file": "minecraft:font/rarities/legendary.png","ascent": 7,"height": 7, "chars": [""]},
		{"type": "bitmap", "file": "minecraft:font/rarities/mythical.png","ascent": 7,"height": 7, "chars": [""]},
		{"type": "bitmap", "file": "minecraft:font/rarities/special.png","ascent": 7,"height": 7, "chars": [""]},
		{"type": "bitmap", "file": "minecraft:font/rarities/unique.png","ascent": 7,"height": 7, "chars": [""]},




		{"type": "bitmap", "file": "minecraft:font/rarities/normal.png","ascent": 7,"height": 7, "chars": [""]},
		{"type": "bitmap", "file": "minecraft:font/rarities/jackpot.png","ascent": 7,"height": 7, "chars": [""]},

		{"type": "bitmap", "file": "minecraft:font/rarities/basic.png","ascent": 7,"height": 7, "chars": [""]},
		{"type": "bitmap", "file": "minecraft:font/rarities/golden.png","ascent": 7,"height": 7, "chars": [""]},
		{"type": "bitmap", "file": "minecraft:font/rarities/rainbow.png","ascent": 7,"height": 7, "chars": [""]},
		{"type": "bitmap", "file": "minecraft:font/rarities/divine.png","ascent": 7,"height": 7, "chars": [""]},





		{"type": "bitmap", "file": "minecraft:font/icons/orange.png","ascent": 7,"height": 7, "chars": [""]},
		{"type": "bitmap", "file": "minecraft:font/icons/yellow.png","ascent": 7,"height": 7, "chars": [""]},
		{"type": "bitmap", "file": "minecraft:font/icons/red.png","ascent": 7,"height": 7, "chars": [""]},
		{"type": "bitmap", "file": "minecraft:font/icons/green.png","ascent": 7,"height": 7, "chars": [""]},
		{"type": "bitmap", "file": "minecraft:font/icons/pink.png","ascent": 7,"height": 7, "chars": [""]},
		{"type": "bitmap", "file": "minecraft:font/icons/blue.png","ascent": 7,"height": 7, "chars": [""]}
	]
}